model,scale,n,r,pPearson,rho,pSpearman,qFDR
sllSelf,item_MentS05,27,-0.627395698629827,0.000460486007082552,-0.637392065720858,0.000349133794006323,0.718573622674358
sllSelf,item_LPFS09,27,-0.581999101044908,0.00144930273542068,-0.596490303213153,0.00102377008618247,0.718573622674358
wOS22,PID_Rigidity,27,0.572684075541221,0.00179707285719277,0.495382393518331,0.00860389298768669,0.718573622674358
allocTrust,item_PID10,27,0.572367043915705,0.00181007490901154,0.509081844869367,0.00668879280874349,0.718573622674358
wOS22,item_PID10,27,0.569759886199863,0.0019201076370584,0.490697405297591,0.00935614929028647,0.718573622674358
allocTrust,PID_Rigidity,27,0.567660887975328,0.00201283122160409,0.500702356051377,0.0078118149625056,0.718573622674358
magTrust,item_SAPAS05,27,0.566199189118525,0.00207965423923794,0.520837388785886,0.00534484126098485,0.718573622674358
BIC,item_MentS05,27,0.560365951246751,0.00236567447794027,0.518204931480373,0.00562399152479965,0.718573622674358
absAsym,PID_Manipulative,27,-0.553149702770244,0.00276567367733557,-0.568676039970638,0.00196751680714763,0.746731892880604
magSelf,PID_Manipulative,27,-0.525774942185483,0.00485281961277665,-0.552897745220007,0.0027806262334752,0.812908261231808
sllOther,item_PID04,27,-0.523795656538266,0.00504522885909383,-0.491361564231229,0.00924627438574785,0.812908261231808
magSelf,item_PID02,27,-0.519214741900362,0.00551548580452131,-0.523117839164632,0.00511258946856247,0.812908261231808
absAsym,item_MentS02,27,0.51721022908375,0.00573263368862074,0.579251881405395,0.00154523487910649,0.812908261231808
BIC,item_LPFS09,27,0.513355531694432,0.00617056694731615,0.522895161577276,0.00513488452018742,0.812908261231808
absAsym,item_LPFS03,27,-0.513189968437987,0.00618999214188687,-0.541603035378818,0.00352598014811212,0.812908261231808
absAsym,PID_Antagonism,27,-0.510042911139366,0.00656916680479075,-0.542840062622724,0.00343681834949418,0.812908261231808
wOS12,item_SAPAS06,27,-0.505610909052593,0.00713623485483525,-0.572750964084266,0.00179433993755568,0.812908261231808
wOS21,item_PID10,27,-0.503841485035482,0.00737386068452791,-0.366686003822519,0.059926909257497,0.812908261231808
E0s,PID_Manipulative,27,0.498998773988939,0.00805849862262024,0.452968545132681,0.017660165574283,0.812908261231808
sllSelf,item_PID23,27,-0.498381751733106,0.00814944337783189,-0.473031581832083,0.0127058235424772,0.812908261231808
wOS22,PID_Anankastia,27,0.496370577789961,0.00845187838578888,0.372261878280286,0.0558543315904289,0.812908261231808
absAsym,item_PID17,27,-0.495863562424659,0.00852958988825084,-0.528223027379511,0.0046234802084237,0.812908261231808
wOS21,PID_Rigidity,27,-0.490380686315682,0.00940892896289608,-0.400561884841102,0.0384061060934611,0.812908261231808
absAsym,LPFS_Self,27,-0.486291788327685,0.0101129915010317,-0.551031035790574,0.00289357887211418,0.812908261231808
E0s,PID_Antagonism,27,0.486064807349773,0.0101533297013924,0.417876315175072,0.0300862384145544,0.812908261231808
magTrust,item_PID27,27,0.484761649971333,0.0103875303589445,0.455064657036604,0.017077922634612,0.812908261231808
wOS22,item_PID20,27,0.48450225763264,0.0104346815833338,0.425195880875363,0.0270380465601064,0.812908261231808
wOS12,PID_Manipulative,27,-0.482001903729393,0.0108984120924165,-0.3675027819001,0.0593163136168165,0.812908261231808
absAsym,item_LPFS01,27,-0.480691558614849,0.0111482153652359,-0.530263272650478,0.00443944131186665,0.812908261231808
allocTrust,PID_Anankastia,27,0.479538632632342,0.0113719352065212,0.374723113839164,0.054126970885959,0.812908261231808
D,item_SAPAS06,27,-0.478743179996114,0.0115284578180451,-0.499855386837178,0.00793365356392779,0.812908261231808
allocSelf,item_SAPAS06,27,-0.478743179996114,0.0115284578180451,-0.499855386837178,0.00793365356392779,0.812908261231808
sllSelf,item_PID07,27,-0.478545360626235,0.0115676602076453,-0.487617229772044,0.00988010193643469,0.812908261231808
meanCarry,item_SAPAS07,27,-0.477861146287444,0.0117041091759942,-0.45573271518765,0.0168957088513813,0.812908261231808
magSelf,item_SAPAS06,27,-0.477838963847649,0.0117085552029273,-0.458200771267413,0.0162363639994546,0.812908261231808
wOS21,item_MentS08,27,-0.475566966953616,0.0121714334130747,-0.189631543106696,0.343453837033827,0.821571755382544
allocTrust,item_PID20,27,0.472811404475587,0.0127531356708863,0.41345734428678,0.0320567139342285,0.837570802169017
sllSelf,item_PID28,27,-0.459795709194587,0.015821665115352,-0.409277307073753,0.0340148731269677,0.934528469516272
E0s,item_PID17,27,0.458508190156175,0.0161557428496032,0.463720545488283,0.0148382485374511,0.934528469516272
sllSelf,PID_Impulsivity,27,-0.457819139380223,0.0163369086500286,-0.449273596316058,0.0187262220982143,0.934528469516272
D,item_MentS02,27,0.456163363080219,0.0167790996061829,0.472147321276826,0.012896721532007,0.934528469516272
allocSelf,item_MentS02,27,0.456163363080219,0.0167790996061829,0.472147321276826,0.012896721532007,0.934528469516272
absAsym,item_PID20,27,-0.45576290884767,0.0168875114380994,-0.439869051611093,0.0216796151978151,0.934528469516272
E0s,item_PID12,27,0.455637785241839,0.016921503151735,0.434187989537183,0.0236407570372476,0.934528469516272
BIC,PID_Manipulative,27,0.453900253746226,0.0173993795614291,0.440477395121766,0.0214777299811926,0.939566496317172
E0s,item_LPFS07,27,0.446362114591342,0.0196029371929393,0.381593628320043,0.049525756018529,0.946168405722909
E0s,item_LPFS03,27,0.444784371673239,0.0200919037940802,0.48454070473987,0.0104276815820518,0.946168405722909
meanH,item_PID19,27,0.443906455413576,0.0203682774802394,0.543885528604376,0.0033629709186995,0.946168405722909
wOS22,item_PID15,27,0.443794025665049,0.0204038946520298,0.439922584476832,0.0216617878203193,0.946168405722909
wOS12,item_MentS02,27,0.443673247252731,0.0204422133887037,0.48672368153101,0.0100366065824091,0.946168405722909
sllSelf,PID_Disinhibition,27,-0.443639737823551,0.0204528551759788,-0.373328892905561,0.0551002590905185,0.946168405722909
sllSelf,item_LPFS07,27,-0.439862024456149,0.0216819562519592,-0.484654219905156,0.0104070369206344,0.946168405722909
wOS12,item_PID02,27,-0.436628405037266,0.0227813302067988,-0.355841785943383,0.0685056042595413,0.946168405722909
magSelf,PID_Antagonism,27,-0.435817742671477,0.0230639453211761,-0.460247315538158,0.015705843528816,0.946168405722909
sllSelf,PID_Deceitful,27,-0.434077262837254,0.0236803680840287,-0.42307513189487,0.0278942744327322,0.946168405722909
BIC,item_PID04,27,0.429541993751813,0.0253498113612517,0.391168619863558,0.043633079646035,0.946168405722909
magSelf,SAPAS_total,27,-0.428738404477498,0.0256553407957278,-0.455799163057827,0.0168776729444255,0.946168405722909
absAsym,item_PID02,27,-0.42845295698673,0.0257645860186447,-0.462290183447814,0.015190620898562,0.946168405722909
BIC,PID_Deceitful,27,0.427880671697709,0.0259847452230037,0.403447935054386,0.0369046002775036,0.946168405722909
wOS22,item_PID27,27,0.42748635997606,0.0261373234477814,0.328816311745885,0.093999381796379,0.946168405722909
wOS22,item_PID01,27,0.427484926645315,0.0261378793945351,0.367228163522579,0.0595210661140051,0.946168405722909
BIC,item_PID07,27,0.427085681340921,0.0262931085484769,0.412599194422499,0.0324511394993085,0.946168405722909
wOS12,PID_Antagonism,27,-0.427053690586587,0.0263055790252615,-0.342959473953384,0.0798934191427803,0.946168405722909
allocTrust,item_MentS08,27,0.425792782444316,0.0268009313009842,0.282048939325642,0.154056327649852,0.946168405722909
wOS21,item_MentS07,27,-0.425159521683848,0.0270525447135902,-0.431250093328025,0.0247101884558149,0.946168405722909
E0s,item_LPFS01,27,0.423681596552016,0.0276472133601338,0.449013255066937,0.0188032832248392,0.946168405722909
magSelf,item_LPFS03,27,-0.423417908459939,0.0277544159909062,-0.455846504189999,0.0168648328386787,0.946168405722909
D,PID_Manipulative,27,-0.422500477530611,0.0281300209876703,-0.33397390555501,0.08865355329615,0.946168405722909
allocSelf,PID_Manipulative,27,-0.422500477530611,0.0281300209876703,-0.33397390555501,0.08865355329615,0.946168405722909
allocTrust,item_PID01,27,0.421246394208887,0.0286500911625061,0.368514426792361,0.0585667690938929,0.946168405722909
endH,item_SAPAS03,27,0.419712583556826,0.0292966940761692,0.406132501805207,0.035550373791668,0.946168405722909
allocTrust,item_PID15,27,0.419290992664898,0.0294764707567977,0.406523553906888,0.0353564707192058,0.946168405722909
wOS11,item_LPFS01,27,0.419001143449907,0.0296005850843741,0.437171147240996,0.0225937001082892,0.946168405722909
E0s,PID_Grandiosity,27,0.417508465383738,0.0302464468850672,0.355257433251238,0.0689934135784302,0.946168405722909
meanCarry,item_LPFS01,27,-0.417155630163811,0.0304007614505323,-0.413157984149504,0.0321938666397358,0.946168405722909
BIC,item_LPFS03,27,0.412006031922985,0.0327260428622569,0.366503197932445,0.0600642360592521,0.946168405722909
meanCarry,item_LPFS04,27,-0.411184599913192,0.0331098241568655,-0.392174864077098,0.0430475710631663,0.946168405722909
wOS11,item_MentS02,27,-0.411017723912061,0.0331882300933004,-0.396096746037606,0.0408247283845552,0.946168405722909
magSelf,item_MentS05,27,-0.410916796470316,0.0332357226802859,-0.406466993129917,0.0353844638792194,0.946168405722909
absAsym,item_LPFS08,27,-0.410113133593861,0.0336158453633691,-0.410023160372503,0.0336586177975409,0.946168405722909
absAsym,LPFS_total,27,-0.408964118284386,0.0341653655871837,-0.389715409070025,0.0444897834716106,0.946168405722909
sllSelf,item_PID03,27,-0.408103566735377,0.034581624932764,-0.364278119525748,0.0617554473627453,0.946168405722909
BIC,item_PID28,27,0.407790031277757,0.0347342919940953,0.344788995038731,0.0781936719015342,0.946168405722909
meanCarry,item_PID11,27,-0.405488227711958,0.0358716920784545,-0.357935586405319,0.0667795392243434,0.946168405722909
sllSelf,PID_Manipulative,27,-0.405224747637796,0.0360037647074532,-0.391827652973988,0.0432488964735009,0.946168405722909
meanH,item_SAPAS03,27,0.401928362617454,0.0376892199289142,0.426959809590089,0.0263422029275659,0.946168405722909
wOS22,item_LPFS06,27,0.401616364083415,0.0378519532865181,0.389045016616836,0.0448894573870117,0.946168405722909
wOS12,PID_SepInsecurity,27,-0.401611549502225,0.0378544688789742,-0.419631596760501,0.0293311599887996,0.946168405722909
absAsym,item_SAPAS01,27,-0.401609689561658,0.0378554407235123,-0.434633560328094,0.0234819045402966,0.946168405722909
absAsym,item_PID08,27,-0.400327390051881,0.0385302132362275,-0.424567851998865,0.0272893576792797,0.946168405722909
wOS21,item_PID20,27,-0.399250563487271,0.0391042383939095,-0.35052574535354,0.0730425834218921,0.946168405722909
wOS21,PID_Anankastia,27,-0.398838938490491,0.0393254552767785,-0.29596357595507,0.133895436836023,0.946168405722909
wOS12,SAPAS_total,27,-0.398031802342145,0.0397621219009407,-0.434404508465317,0.0235634559983191,0.946168405722909
wOS22,item_PID25,27,0.396440221444597,0.0406344843279321,0.320918801476457,0.102650215461947,0.946168405722909
absAsym,item_LPFS06,27,-0.396395988975483,0.0406589441743715,-0.4644063857297,0.0146717022336934,0.946168405722909
absAsym,SAPAS_total,27,-0.396259042475714,0.0407347476340842,-0.398436683353271,0.0395425983689789,0.946168405722909
allocTrust,item_LPFS06,27,0.395340485632529,0.0412461016247582,0.382281816824656,0.0490823879116443,0.946168405722909
D,PID_SepInsecurity,27,-0.394241829277922,0.0418643999047684,-0.371346961856946,0.0565073147952599,0.946168405722909
allocSelf,PID_SepInsecurity,27,-0.394241829277922,0.0418643999047684,-0.371346961856946,0.0565073147952599,0.946168405722909
sllOther,PID_Manipulative,27,-0.393923431052723,0.0420449555712073,-0.432259533272479,0.0243383951622501,0.946168405722909
absAsym,item_PID11,27,-0.393573775699898,0.0422439479294568,-0.481985464726297,0.0109015168660654,0.946168405722909
BIC,item_PID23,27,0.393278747097852,0.0424124323943856,0.348941095390071,0.0744386541607769,0.946168405722909
BIC,item_PID17,27,0.391785955152883,0.0432731244718285,0.350754036662566,0.072843127353818,0.946168405722909
E0diff,item_PID27,27,0.391747018379537,0.0432957579095647,0.400856327985222,0.0382507226987096,0.946168405722909
wOS22,item_SAPAS05,27,0.390700806275049,0.0439074285554727,0.336374146924218,0.0862455615852401,0.946168405722909
sllOther,PID_Withdrawal,27,-0.390059892459848,0.0442855080526869,-0.379708639526496,0.0507563178275026,0.946168405722909
D,PID_Antagonism,27,-0.388816750241853,0.0450261913626015,-0.299360328652237,0.129279317612017,0.946168405722909
allocSelf,PID_Antagonism,27,-0.388816750241853,0.0450261913626015,-0.299360328652237,0.129279317612017,0.946168405722909
BIC,PID_Antagonism,27,0.387600375296652,0.0457603772301403,0.37212791623232,0.055949571165816,0.946168405722909
magTrust,item_MentS04,27,-0.386038901308627,0.0467166918150028,-0.347032454185563,0.0761472103064794,0.946168405722909
absAsym,item_PID12,27,-0.385683085939299,0.0469368000082295,-0.406747308598433,0.0352459033759494,0.946168405722909
magTrust,item_PID14,27,0.385476542903299,0.0470649429390525,0.383561660127217,0.0482661581150158,0.946168405722909
meanKL,item_LPFS03,27,-0.385255435627149,0.0472024275652108,-0.376611382217059,0.0528303122266022,0.946168405722909
D,item_LPFS01,27,-0.38459669131143,0.0476139141853683,-0.384868504343089,0.0474437839115072,0.946168405722909
allocSelf,item_LPFS01,27,-0.38459669131143,0.0476139141853683,-0.384868504343089,0.0474437839115072,0.946168405722909
sllSelf,item_PID17,27,-0.384377229233726,0.04775162824907,-0.345524105698413,0.077518537668955,0.946168405722909
wEx,item_LPFS11,27,0.383230618921292,0.0484762492171313,0.370733649557236,0.0569483673195671,0.946168405722909
absAsym,PID_Deceitful,27,-0.383169195855717,0.0485153097043565,-0.467937296101689,0.0138385390794902,0.946168405722909
wOS12,item_PID26,27,-0.382157178357947,0.0491624541336735,-0.440321518934615,0.0215293122544854,0.946168405722909
sllOther,item_LPFS03,27,-0.382043152937205,0.0492357926891513,-0.364546775167681,0.0615493101189463,0.946168405722909
absAsym,item_LPFS02,27,-0.380875537381919,0.0499917425326887,-0.396992272812345,0.0403301919504073,0.946168405722909
magSelf,item_LPFS08,27,-0.379705565071762,0.0507583443387922,-0.405463728883055,0.0358839560517416,0.946168405722909
sllOther,SAPAS_total,27,-0.378988922240911,0.0512324532487579,-0.395336008774646,0.0412486062892261,0.946168405722909
absAsym,PID_Rigidity,27,-0.377431473452887,0.0522748045797181,-0.347362259510643,0.0758498541126243,0.946168405722909
meanKL,item_PID17,27,-0.377335185545056,0.0523397889717332,-0.369930450197796,0.057530031741685,0.946168405722909
wOS12,item_PID17,27,-0.377237625482833,0.0524056965487735,-0.26812112742894,0.176315828952086,0.946168405722909
D,item_PID22,27,-0.374677995793206,0.0541582550317673,-0.352743644112849,0.0711224818171855,0.946168405722909
allocSelf,item_PID22,27,-0.374677995793206,0.0541582550317673,-0.352743644112849,0.0711224818171855,0.946168405722909
allocTrust,PID_EmotLability,27,0.374460056693065,0.0543095699625981,0.303437175557412,0.123893420150058,0.946168405722909
magSelf,item_PID17,27,-0.374287111711816,0.0544298808307367,-0.408631939332532,0.0343255659755915,0.946168405722909
E0s,item_PID02,27,0.373600644700946,0.0549094866988166,0.270683067939839,0.172061490982198,0.946168405722909
BIC,PID_Disinhibition,27,0.373517533164031,0.0549677768769922,0.286177611614693,0.1478614445308,0.946168405722909
wOS22,PID_Orderliness,27,0.373065158780647,0.0552858982380152,0.277393608364592,0.161260933681379,0.946168405722909
BIC,LPFS_Interpers,27,0.372958817033576,0.0553608890566374,0.315331619836186,0.109119939321596,0.946168405722909
wOS11,item_PID30,27,-0.372867241011858,0.0554255309853201,-0.300749015389349,0.127425916274063,0.946168405722909
E0o,item_MentS11,27,0.372572370134556,0.0556340761975162,0.269983478910885,0.17321599884777,0.946168405722909
E0diff,item_SAPAS05,27,0.372399557729494,0.0557565811994942,0.347224925857257,0.0759735674867002,0.946168405722909
absAsym,item_PID22,27,-0.37164769072445,0.056292027902505,-0.493841101757988,0.00884556500614149,0.946168405722909
BIC,item_SAPAS03,27,0.371040401645308,0.0567274374409786,0.354064232343001,0.0699977913806947,0.946168405722909
D,item_PID26,27,-0.370641010309483,0.057015220081852,-0.434416824236258,0.0235590652441653,0.946168405722909
allocSelf,item_PID26,27,-0.370641010309483,0.057015220081852,-0.434416824236258,0.0235590652441653,0.946168405722909
sllOther,PID_Anankastia,27,-0.370385088775496,0.0572002232245971,-0.429793259469057,0.0252548870694983,0.946168405722909
sllSelf,PID_Distractible,27,-0.369802860977651,0.0576228548211669,-0.311674397524826,0.113515651630711,0.946168405722909
allocTrust,item_MentS07,27,0.369038023752054,0.0581817365744192,0.357236919415893,0.0673517222193888,0.946168405722909
BIC,item_PID02,27,0.369008251337875,0.0582035769894354,0.34367625480002,0.0792241573732945,0.946168405722909
allocTrust,PID_Orderliness,27,0.368864493498381,0.0583091246421655,0.326098765182096,0.0969118722138944,0.946168405722909
magTrust,item_PID08,27,0.367152873264641,0.0595772976889099,0.332561422290679,0.0900941587346027,0.946168405722909
absAsym,PID_SepInsecurity,27,-0.367132859929748,0.0595922518796461,-0.456798059153369,0.0166084475274884,0.946168405722909
asymKL,item_LPFS07,27,-0.366245267478991,0.0602584138907793,-0.308171376798623,0.117847432837232,0.946168405722909
E0s,item_MentS03,27,-0.364754518805292,0.0613902768648498,-0.391639180595265,0.0433584915865129,0.946168405722909
sllSelf,LPFS_Interpers,27,-0.364475304311086,0.0616040968649553,-0.309172799136261,0.116596863371646,0.946168405722909
sllOther,item_PID02,27,-0.364025498342088,0.0619497701623629,-0.340634872014179,0.0820935954409054,0.946168405722909
sllSelf,PID_Antagonism,27,-0.362818740735936,0.0628845976371508,-0.366908300245563,0.0597602457798808,0.946168405722909
E0s,LPFS_Self,27,0.362560471159931,0.0630860827496187,0.417410606644473,0.0302891825764882,0.946168405722909
wOS12,item_LPFS03,27,-0.362410697387817,0.0632031556054274,-0.287268075959505,0.146255507629901,0.946168405722909
meanCarry,item_SAPAS03,27,0.362283499106723,0.0633027142138051,0.322823270665677,0.1005117092741,0.946168405722909
D,item_PID02,27,-0.362016542398637,0.0635120576221571,-0.295014130226566,0.135206841294087,0.946168405722909
allocSelf,item_PID02,27,-0.362016542398637,0.0635120576221572,-0.295014130226566,0.135206841294087,0.946168405722909
magSelf,PID_NegAffect,27,-0.361560804274034,0.0638706800468455,-0.369022849487108,0.0581928672967694,0.946168405722909
wOS21,PID_Anxiousness,27,-0.361464013039109,0.0639470471061462,-0.233219482468322,0.241706493352522,0.946168405722909
sllOther,item_SAPAS03,27,-0.360896352583108,0.0643963489752251,-0.364477886235442,0.0616021170041911,0.946168405722909
wOS21,item_PID01,27,-0.36082377965727,0.0644539660605149,-0.30645222402541,0.120017281909964,0.946168405722909
E0s,item_PID08,27,0.360484671660597,0.0647237198319859,0.329215733937654,0.0935769196546485,0.946168405722909
wOS12,item_PID22,27,-0.359984164031033,0.0651234597339105,-0.409312670910669,0.0339979136626813,0.946168405722909
wOS21,item_MentS03,27,-0.359607900301286,0.0654252257184153,-0.272184239360176,0.169602417258443,0.946168405722909
BIC,PID_Impulsivity,27,0.359004422830472,0.0659114759089801,0.323281653001337,0.100002008617313,0.946168405722909
wOS22,PID_EmotLability,27,0.358182637098936,0.0665781148098755,0.287924027522779,0.145295535346497,0.946168405722909
E0s,item_MentS06,27,0.357453951308929,0.0671735771975567,0.173152955156364,0.387749330991454,0.946168405722909
E0diff,PID_Grandiosity,27,0.357204943300552,0.0673779997856757,0.322164960016876,0.101247116472304,0.946168405722909
meanCarry,item_PID22,27,-0.355819046768343,0.0685245367276034,-0.31405563153273,0.110638993395022,0.946168405722909
sllOther,item_PID20,27,-0.355214688728508,0.0690292008982044,-0.352482168118304,0.0713468091293679,0.946168405722909
absAsym,item_SAPAS06,27,-0.354615935996583,0.0695320044048429,-0.426959809590089,0.0263422029275659,0.946168405722909
wOS22,PID_Perfectionism,27,0.353774352176912,0.0702434894135895,0.25309710774815,0.202748130621547,0.946168405722909
wOS21,item_MentS05,27,-0.353548523259281,0.0704353581946072,-0.128579598623567,0.522714687049979,0.946168405722909
wOS22,PID_Withdrawal,27,0.3534732945785,0.0704993634719871,0.319243484882425,0.104559324306436,0.946168405722909
wOS21,item_PID30,27,-0.352071359467603,0.0717003513100271,-0.350407573744334,0.0731459934275552,0.946168405722909
wOS22,item_PID14,27,0.351956680951009,0.0717992837243941,0.295152057615625,0.135015755788043,0.946168405722909
wOS11,item_SAPAS06,27,0.35187195707379,0.0718724418277543,0.364477886235442,0.0616021170041911,0.946168405722909
wOS21,item_PID06,27,-0.351568129440864,0.0721352646867945,-0.192136557061153,0.33699728522293,0.946168405722909
D,SAPAS_total,27,-0.35152081495917,0.072176259937428,-0.388514524701672,0.0452077342652098,0.946168405722909
allocSelf,SAPAS_total,27,-0.35152081495917,0.0721762599374283,-0.388514524701672,0.0452077342652098,0.946168405722909
D,item_SAPAS01,27,-0.351406201532252,0.0722756400109753,-0.35456948342555,0.0695711306293735,0.946168405722909
allocSelf,item_SAPAS01,27,-0.351406201532252,0.0722756400109753,-0.35456948342555,0.0695711306293735,0.946168405722909
magSelf,PID_SepInsecurity,27,-0.350589851485125,0.0729865321870272,-0.392947982734852,0.0426019582700773,0.946168405722909
BIC,item_LPFS07,27,0.35036424465036,0.0731839381368685,0.380246431044421,0.0504028123373469,0.946168405722909
allocTrust,item_MentS03,27,0.349846837012689,0.0736382172065184,0.350711721620569,0.0728800660190565,0.946168405722909
magSelf,item_PID06,27,-0.349376476710221,0.0740530634760833,-0.260827865026021,0.188828318422355,0.946168405722909
sllOther,item_MentS05,27,-0.349199182382927,0.0742098969530588,-0.341691376694871,0.0810879962528034,0.946168405722909
D,item_PID17,27,-0.34861906081215,0.074724849339106,-0.261845210271955,0.187047050637686,0.946168405722909
allocSelf,item_PID17,27,-0.34861906081215,0.074724849339106,-0.261845210271955,0.187047050637686,0.946168405722909
allocTrust,PID_Anxiousness,27,0.348600609982555,0.0747412722693858,0.314908659482627,0.109621745521383,0.946168405722909
sllOther,item_PID14,27,-0.348489782017534,0.0748399775336854,-0.337996711140474,0.0846460602167731,0.946168405722909
wOS21,PID_EmotLability,27,-0.347473486073437,0.0757497716892319,-0.23766142789057,0.232600558402519,0.946168405722909
wOS11,item_PID22,27,0.346415337084692,0.0767060054104814,0.313730522183317,0.111028525983123,0.946168405722909
absAsym,item_MentS04,27,0.345396074115926,0.0776358018452183,0.34123246887884,0.0815236336751849,0.946168405722909
allocTrust,PID_NegAffect,27,0.345208695056564,0.0778076667016547,0.273009423145076,0.168261263803463,0.946168405722909
magSelf,item_MentS02,27,0.344539765644481,0.0784235834843047,0.323848699560347,0.099374156960301,0.946168405722909
sllOther,PID_Rigidity,27,-0.343954512318361,0.0789655027410038,-0.324204775543267,0.0989814096762828,0.946168405722909
magSelf,item_PID26,27,-0.342942359954516,0.0799094510888337,-0.45381796395943,0.0174222842778184,0.946168405722909
magSelf,item_PID12,27,-0.342473725376095,0.0803494096177631,-0.321993813040775,0.101438963830188,0.946168405722909
wOS22,PID_Detachment,27,0.342268038831648,0.08054309199392,0.219185936177649,0.272005341394804,0.946168405722909
wOS22,item_MentS08,27,0.341582202299095,0.0811914735280941,0.262222369894588,0.186389651255783,0.946168405722909
wOS21,PID_NegAffect,27,-0.340869826655591,0.0818691454140738,-0.184051296502298,0.358100874384652,0.946168405722909
allocTrust,item_PID13,27,0.340808731126455,0.0819274644339264,0.294421873787009,0.136029585930273,0.946168405722909
wOS22,item_PID19,27,0.340789747802105,0.0819455914898377,0.300310894391265,0.128008544422432,0.946168405722909
wOS12,item_SAPAS01,27,-0.340598056735524,0.0821288071267031,-0.331694032881966,0.090987535584032,0.946168405722909
allocTrust,item_PID25,27,0.339894355510035,0.082804067935136,0.317102469783223,0.107037470734796,0.946168405722909
sllOther,PID_Detachment,27,-0.339683283103427,0.0830074304257906,-0.29583944475663,0.134066364136227,0.946168405722909
pTrialsSplit,item_MentS12,27,0.339423604539282,0.0832581442449277,0.31574457220408,0.108631653056144,0.946168405722909
wOS22,item_MentS04,27,-0.339134895918466,0.0835375610921977,-0.196877279022636,0.32498040768747,0.946168405722909
meanH,PID_Withdrawal,27,0.338206698313384,0.0844407145587515,0.482781364282451,0.0107520417880573,0.946168405722909
wOS21,item_LPFS06,27,-0.338118181105351,0.0845272290424668,-0.194522508308418,0.330916219893815,0.946168405722909
sllSelf,item_LPFS03,27,-0.337745479516469,0.0848922364033081,-0.299658753469677,0.128879379519938,0.946168405722909
meanKL,item_SAPAS02,27,0.337679528500753,0.0849569502482893,0.411487963763637,0.0329676709458243,0.946168405722909
E0diff,PID_Antagonism,27,0.337653809372582,0.0849821970553838,0.325458408586022,0.0976079153899277,0.946168405722909
wOS12,item_LPFS01,27,-0.337622224300686,0.0850132098683477,-0.382894819705432,0.0486900953158538,0.946168405722909
wOS21,item_PID21,27,-0.337065619952305,0.085561139767136,-0.225408774144738,0.258282359979481,0.946168405722909
wOS21,item_PID15,27,-0.336746183489367,0.0858768050942532,-0.202418367090567,0.311271180220137,0.946168405722909
absAsym,item_PID18,27,-0.336667335760916,0.0859548576625939,-0.28817911213588,0.144923449519305,0.946168405722909
allocTrust,PID_Withdrawal,27,0.336123529820709,0.0864946447259535,0.254392256844484,0.200368559888434,0.946168405722909
absAsym,item_PID16,27,-0.335905562627813,0.0867117206166498,-0.465621306369234,0.0143804702517432,0.946168405722909
BIC,item_PID14,27,0.335612140965021,0.0870045938201679,0.299912574673941,0.128539928023753,0.946168405722909
allocTrust,item_PID06,27,0.335237079913804,0.0873800438117678,0.287707072490535,0.145612542285647,0.946168405722909
E0s,item_MentS04,27,-0.334879357229813,0.087739278999163,-0.382154587431827,0.0491641196030211,0.946168405722909
magSelf,item_SAPAS07,27,-0.334639036316765,0.0879812429128837,-0.325523367991179,0.0975371366470738,0.946168405722909
magTrust,item_PID25,27,0.334512053450225,0.0881092976053036,0.31293919884515,0.111980901121132,0.946168405722909
wEx,item_MentS07,27,0.333917772813096,0.0887104691916894,0.306250066276424,0.120274353531758,0.946168405722909
wOS11,item_MentS07,27,-0.333323525519737,0.0893147028950789,-0.376973765792462,0.0525842754734732,0.946168405722909
eta,item_PID18,27,-0.333130200909323,0.089511945248585,-0.405835687573426,0.0356981163696606,0.946168405722909
E0s,LPFS_total,27,0.332497957210183,0.0901592997994503,0.39032768779598,0.0441272214957416,0.946168405722909
wOS12,PID_NegAffect,27,-0.331484832768707,0.0912040003261159,-0.373624131899665,0.0548930227454524,0.946168405722909
sllOther,item_SAPAS02,27,-0.331443984741975,0.0912463121212049,-0.306223600940381,0.120308037797075,0.946168405722909
wOS22,item_PID13,27,0.330280568891067,0.0924576449649888,0.337897850806588,0.0847428664826242,0.946168405722909
wOS21,MentS_Other,27,-0.330029920020121,0.0927201960033405,-0.130829300307335,0.515404049283887,0.946168405722909
E0s,item_PID11,27,0.329940945292638,0.0928135306604674,0.45258822793669,0.0177675359853119,0.946168405722909
sllOther,item_SAPAS06,27,-0.329615349403502,0.0931556847129061,-0.301995962880795,0.125778280427064,0.946168405722909
BIC,PID_IntimacyAvoid,27,0.329448740543898,0.0933311333467581,0.253948316025644,0.201182044921032,0.946168405722909
allocTrust,item_PID21,27,0.328749769833031,0.0940699012654058,0.285814510516388,0.148398981973339,0.946168405722909
sig,item_LPFS09,27,0.328519964131459,0.0943137497360144,0.365959402929084,0.0604741913631763,0.946168405722909
allocTrust,PID_Distractible,27,0.327848532512908,0.0950289344553348,0.253724886427245,0.201592315309724,0.946168405722909
sllOther,PID_IntimacyAvoid,27,-0.32686050999433,0.0960887423772892,-0.286589487751305,0.147253391754492,0.946168405722909
wEx,item_PID15,27,0.326845895379695,0.0961044851507389,0.258420781985624,0.193089521852917,0.946168405722909
E0o,item_PID25,27,-0.326427100903931,0.0965564313687726,-0.47842921863355,0.0115907280118286,0.946168405722909
wOS22,LPFS_Self,27,0.326292096902236,0.0967024617275654,0.194301266235386,0.331477278725539,0.946168405722909
wOS12,item_MentS05,27,-0.325200241900591,0.097889590449497,-0.313837861627801,0.110899804137789,0.946168405722909
sllOther,PID_Orderliness,27,-0.325026875925941,0.098079084627877,-0.330937025793107,0.09177267061543,0.946168405722909
BIC,item_PID03,27,0.324912828201209,0.098203892023848,0.306818679034326,0.1195523131074,0.946168405722909
BIC,PID_Distractible,27,0.323865183852648,0.0993559492822014,0.251845442824081,0.205066094948047,0.946168405722909
D,PID_Deceitful,27,-0.323628518889438,0.099617596455063,-0.315592863482697,0.108810848790941,0.946168405722909
allocSelf,PID_Deceitful,27,-0.323628518889438,0.0996175964550632,-0.315592863482697,0.108810848790941,0.946168405722909
wOS11,item_MentS06,27,0.32339870009406,0.0998721679795356,0.291064948872918,0.140761558554796,0.946168405722909
sllOther,PID_Antagonism,27,-0.323007541914601,0.10030657489549,-0.31870361142669,0.105180137880708,0.946168405722909
allocTrust,item_PID27,27,0.321036255382161,0.102517353432385,0.306705019632821,0.119696385583541,0.946168405722909
E0s,PID_SepInsecurity,27,0.320907789931127,0.102662678136342,0.401207196599934,0.0380662175935874,0.946168405722909
allocTrust,PID_Perfectionism,27,0.320715509162681,0.102880480213964,0.238895898460536,0.23011103583913,0.946168405722909
eta,item_SAPAS06,27,-0.320284584463193,0.103369853303871,-0.229100385633706,0.250358208133296,0.946168405722909
absAsym,PID_NegAffect,27,-0.320108449697864,0.103570377144511,-0.427612512207006,0.02608843025457,0.946168405722909
wOS11,PID_SepInsecurity,27,0.319105302419163,0.104717963064983,0.297649361214678,0.131589766202442,0.946168405722909
wOS11,item_SAPAS01,27,0.318987220731213,0.104853667378076,0.29738085706659,0.131955056000915,0.946168405722909
wOS12,PID_Deceitful,27,-0.318959164142735,0.104885930409249,-0.33335080348123,0.0892868986037424,0.946168405722909
absAsym,PID_Grandiosity,27,-0.318914649478048,0.104937134199552,-0.306916467448101,0.119428460437741,0.946168405722909
wOS21,PID_Orderliness,27,-0.317501029227744,0.106572877208304,-0.339968445600326,0.0827327740568328,0.946168405722909
wOS12,item_SAPAS07,27,-0.317166893978067,0.106962270784126,-0.3038218101251,0.12339389891705,0.946168405722909
sllSelf,item_MentS10,27,0.317056224591305,0.107091475242263,0.283926233919723,0.151216990205559,0.946168405722909
sllOther,PID_Deceitful,27,-0.316959701429669,0.107204258930914,-0.266992185591976,0.178213699082831,0.946168405722909
magSelf,item_PID28,27,-0.316727968241399,0.107475390829659,-0.391718608252337,0.0433122782653695,0.946168405722909
sllSelf,item_PID08,27,-0.316338088396007,0.107932706417046,-0.303453933619362,0.123871625813729,0.946168405722909
absAsym,MentS_Self,27,0.316297484765697,0.107980416041885,0.40988406746726,0.0337248271825608,0.946168405722909
endH,item_LPFS05,27,0.315911266265392,0.10843500958248,0.489165174695305,0.00961380589048703,0.946168405722909
allocTrust,item_LPFS03,27,0.315704416001439,0.10867906354007,0.230531815781351,0.247328947750334,0.946168405722909
meanH,item_LPFS12,27,0.315696714400365,0.108688158202537,0.310253639517076,0.115258121565758,0.946168405722909
sllOther,item_LPFS09,27,-0.315577018243175,0.108829577561283,-0.308494703295591,0.117442590395085,0.946168405722909
asymKL,item_MentS08,27,0.315139082563445,0.109348156522081,0.258704752737465,0.192583396001168,0.946168405722909
asymKL,item_PID10,27,0.313861742945088,0.110871180616904,0.304513171816148,0.122499745955963,0.946168405722909
wOS22,PID_NegAffect,27,0.31343066975353,0.11138869643504,0.220554803641921,0.268947218218525,0.946168405722909
asymKL,item_PID24,27,-0.313308770816281,0.111535363513196,-0.348889040324502,0.074484858967677,0.946168405722909
sllSelf,item_SAPAS05,27,-0.313107524308106,0.111777813262046,-0.314672589058139,0.109902565943107,0.946168405722909
sllOther,item_PID30,27,-0.312868458844338,0.112066331717564,-0.390973720006153,0.0437472129904936,0.946168405722909
allocTrust,item_PID04,27,0.312487765115066,0.112526912585638,0.224073677499583,0.261187906834179,0.946168405722909
wOS21,PID_Distractible,27,-0.312337909451662,0.112708598429573,-0.286928390083157,0.146754417095188,0.946168405722909
BIC,PID_Detachment,27,0.312324056234766,0.112725405095594,0.251201859439552,0.206264960055075,0.946168405722909
allocTrust,LPFS_Self,27,0.312211266481884,0.112862310145025,0.174993727161523,0.382645574363726,0.946168405722909
magSelf,PID_Anxiousness,27,-0.311929580767326,0.113204759310031,-0.245379321794879,0.217328437360947,0.946168405722909
BIC,item_LPFS10,27,0.311325290986548,0.113941993142903,0.229094897476328,0.250369869006408,0.946168405722909
sllOther,item_PID21,27,-0.311259247566118,0.114022780632508,-0.333821174685437,0.0888084797121945,0.946168405722909
wOS21,item_PID13,27,-0.310998018117139,0.114342743778838,-0.328946914361381,0.093861088028965,0.946168405722909
meanSwing,item_SAPAS03,27,-0.310790609536545,0.114597257044019,-0.333236924558118,0.0894030181855396,0.946168405722909
wOS12,item_LPFS08,27,-0.310520946483146,0.11492878855052,-0.272914542011245,0.168415090786763,0.946168405722909
wOS21,MentS_Motiv,27,-0.310344325677631,0.115146314588354,-0.095515820067653,0.63555991246968,0.946168405722909
sllOther,item_MentS06,27,0.309978713893012,0.115597566945814,0.293649321337938,0.137108235365653,0.946168405722909
sllSelf,item_PID26,27,-0.309940223378962,0.115645149228314,-0.263180677983908,0.18472650619818,0.946168405722909
E0diff,PID_Manipulative,27,0.30975841762016,0.11587009426254,0.310635177903036,0.114788262844236,0.946168405722909
absAsym,item_LPFS04,27,-0.309625475383139,0.116034785459506,-0.336243885139928,0.0863749581369418,0.946168405722909
wOS21,item_LPFS03,27,-0.309603862866873,0.116061575730072,-0.176404119289549,0.378761382029227,0.946168405722909
meanH,item_LPFS05,27,0.308835211091296,0.117017343244707,0.457051545852576,0.0165406926880502,0.946168405722909
magSelf,item_PID01,27,-0.308428554430614,0.117525333026163,-0.281691656082119,0.154600982251936,0.946168405722909
meanKL,item_PID18,27,-0.308304409084257,0.11768073671019,-0.358137075909556,0.0666152262357958,0.946168405722909
pTrialsSplit,item_PID17,27,-0.307893157642698,0.118196617216862,-0.215423431927066,0.280525621048714,0.946168405722909
wOS22,item_PID08,27,0.307090878929008,0.119207795982635,0.244904387441426,0.21824818766087,0.946168405722909
wOS22,PID_Distractible,27,0.306969336937376,0.119361538556633,0.307289029117442,0.11895746137932,0.946168405722909
E0diff,item_PID08,27,0.306193521033529,0.120346330990229,0.377393646221213,0.0523003265011715,0.946168405722909
wOS11,item_PID08,27,0.306098512232635,0.120467340640188,0.314829274019647,0.109716120003953,0.946168405722909
wOS22,item_MentS03,27,0.306080596942612,0.120490168778948,0.345387824518169,0.0776433623008284,0.946168405722909
allocSelf,item_MentS06,27,-0.306001988893981,0.120590370798735,-0.272651295059648,0.168842401084954,0.946168405722909
D,item_MentS06,27,-0.306001988893981,0.120590370798736,-0.272651295059648,0.168842401084954,0.946168405722909
E0s,PID_Impulsivity,27,0.305699703376432,0.120976265629242,0.260774022209538,0.188922917571576,0.946168405722909
E0diff,item_PID14,27,0.305678638134988,0.121003191065091,0.418925501131855,0.0296330446250996,0.946168405722909
wOS22,item_PID04,27,0.30539814315977,0.121362137079474,0.280732307381621,0.156070233401388,0.946168405722909
meanCarry,LPFS_Self,27,-0.305038714456425,0.121823235047558,-0.343245139090903,0.07962617748609,0.946168405722909
sllOther,PID_Anxiousness,27,-0.304829842826182,0.12209177853601,-0.319273730010109,0.104524625639224,0.946168405722909
D,item_LPFS03,27,-0.304119211624743,0.123008679036303,-0.260530298174398,0.189351538702882,0.946168405722909
allocSelf,item_LPFS03,27,-0.304119211624743,0.123008679036303,-0.260530298174398,0.189351538702882,0.946168405722909
meanCarry,item_MentS07,27,0.303942824221801,0.123237044607632,0.325657965213383,0.0973906041343273,0.946168405722909
D,item_PID08,27,-0.303882467404516,0.123315258767441,-0.292747730889682,0.138374861326955,0.946168405722909
allocSelf,item_PID08,27,-0.303882467404516,0.123315258767441,-0.292747730889682,0.138374861326955,0.946168405722909
wOS11,item_SAPAS03,27,-0.302510628906438,0.125102794367718,-0.301995962880795,0.125778280427064,0.946168405722909
sllOther,item_LPFS10,27,-0.302448336096173,0.125184410647564,-0.226835578960783,0.255200565488631,0.946168405722909
wOS22,PID_Anxiousness,27,0.302428588615218,0.1252102920009,0.2662693021764,0.179436407821614,0.946168405722909
sllOther,item_PID17,27,-0.302076868713982,0.125671917346216,-0.331228961063059,0.0914692852071912,0.946168405722909
allocTrust,item_PID30,27,0.301969061074421,0.125813661536385,0.182547658178186,0.362109751295699,0.946168405722909
endH,item_PID16,27,0.301934765642058,0.125858777250887,0.240694358786584,0.226516058648052,0.946168405722909
magSelf,PID_Grandiosity,27,-0.301701320104011,0.126166189608205,-0.285503690649397,0.148860233214704,0.946168405722909
E0s,item_PID18,27,0.301596352673199,0.126304594471033,0.399078384254378,0.0391966506089741,0.946168405722909
meanBC,item_PID29,27,0.301439988223773,0.126510974569894,0.152069139292044,0.448927302916906,0.946168405722909
sllSelf,PID_Irresponsible,27,-0.300870235349111,0.127265056289742,-0.231715188004849,0.244842901772222,0.946168405722909
wOS22,item_LPFS11,27,0.299420251892795,0.129198938183487,0.258925088579657,0.192191318643673,0.946168405722909
D,item_MentS07,27,0.299379927080507,0.12925302479641,0.284539535262198,0.150297555464915,0.946168405722909
allocSelf,item_MentS07,27,0.299379927080507,0.12925302479641,0.284539535262198,0.150297555464915,0.946168405722909
magTrust,item_PID09,27,0.29920538624627,0.129487322130035,0.178544940511712,0.372909330577526,0.946168405722909
allocTrust,item_PID19,27,0.298799287390964,0.130033651944662,0.233792520389291,0.24051873808647,0.946168405722909
allocTrust,PID_Detachment,27,0.298641514729733,0.130246357590869,0.175779732524491,0.380478112932719,0.946168405722909
wEx,item_PID10,27,0.298376008068224,0.130604879574657,0.247020015337139,0.214171240538083,0.946168405722909
allocTrust,MentS_Other,27,0.297972725010843,0.13115081876666,0.281453104680083,0.154965401329621,0.946168405722909
allocTrust,item_LPFS11,27,0.297862371238273,0.131300497646979,0.224597898805838,0.260044535257852,0.946168405722909
wEx,item_LPFS06,27,0.297721287259102,0.131492038535844,0.275680905814579,0.16397064077813,0.946168405722909
sllOther,PID_Perfectionism,27,-0.297624368027818,0.131623737417225,-0.3420913526172,0.0807097504162321,0.946168405722909
sllOther,item_SAPAS01,27,-0.297062269700605,0.132389437802365,-0.263067681251215,0.18492207440138,0.946168405722909
allocTrust,item_MentS05,27,0.297037499275475,0.132423254825639,0.217969949303932,0.274740581486326,0.946168405722909
eta,item_LPFS01,27,-0.296197772330466,0.133573381800569,-0.301644802121891,0.126240697645548,0.946168405722909
E0s,PID_Anhedonia,27,0.296165808331181,0.133617303907102,0.268543496898043,0.175609429146125,0.946168405722909
E0o,item_PID27,27,-0.295994411882694,0.13385300063849,-0.364479686121794,0.0616007368518692,0.946168405722909
wOS12,item_PID06,27,-0.295706530188982,0.134249561528598,-0.314586279955048,0.110005369015483,0.946168405722909
BIC,item_PID15,27,0.294687417370739,0.135660253517691,0.254709778588963,0.199788111404016,0.946168405722909
eta,item_MentS07,27,0.294369526418912,0.136102479354561,0.278289533909618,0.159856181586235,0.946168405722909
magSelf,item_MentS08,27,-0.293462284682945,0.137370306912045,-0.329057095879916,0.0937445370534764,0.946168405722909
BIC,LPFS_total,27,0.293433677891168,0.13741042204026,0.273076311775697,0.168152879440826,0.946168405722909
E0s,item_PID09,27,0.292777567593631,0.138332809492636,0.324112364025924,0.0990832265275554,0.946168405722909
eta,item_PID17,27,-0.292765405460171,0.138349949681289,-0.308914588949338,0.116918374533279,0.946168405722909
E0diff,item_MentS07,27,-0.292673907041482,0.138478948339102,-0.230592155166244,0.247201786088622,0.946168405722909
wOS12,LPFS_total,27,-0.292335316801339,0.138957064562813,-0.258993901078744,0.19206898294348,0.946168405722909
asymKL,item_LPFS09,27,-0.29189439351886,0.139581469678039,-0.338403231175011,0.0842488686307867,0.946168405722909
E0s,PID_Deceitful,27,0.291691661174574,0.13986924422701,0.267303728398968,0.177688543745015,0.946168405722909
wOS12,item_PID11,27,-0.291401784035387,0.140281462877692,-0.349213329335876,0.0741973733031809,0.946168405722909
E0diff,item_PID02,27,0.291302868261771,0.14042232611215,0.252434771224793,0.203972473134813,0.946168405722909
wOS11,item_PID26,27,0.29088012555469,0.141025492805761,0.313792346826967,0.110954372142955,0.946168405722909
D,PID_NegAffect,27,-0.290577639465305,0.14145822351152,-0.311353443249721,0.113907568797471,0.946168405722909
allocSelf,PID_NegAffect,27,-0.290577639465305,0.14145822351152,-0.311353443249721,0.113907568797471,0.946168405722909
wOS22,item_LPFS05,27,0.290535190663809,0.141519026454406,0.275398695833099,0.164420202106373,0.946168405722909
sllOther,LPFS_Interpers,27,-0.290480008750646,0.141598096255467,-0.258978410431868,0.192096517717047,0.946168405722909
sllSelf,item_PID02,27,-0.289506714566992,0.142997962296476,-0.258517536796475,0.192916971245435,0.946168405722909
D,item_PID11,27,-0.289259347349162,0.143355327263763,-0.293326274779811,0.137561108415029,0.946168405722909
allocSelf,item_PID11,27,-0.289259347349162,0.143355327263763,-0.293326274779811,0.137561108415029,0.946168405722909
E0diff,item_MentS04,27,-0.289137841535954,0.143531098782018,-0.360243531828653,0.0649160729386508,0.946168405722909
pTrialsSplit,item_SAPAS03,27,-0.288631306026928,0.144265529315582,-0.325982833781354,0.0970376083295059,0.946168405722909
wOS22,item_LPFS03,27,0.288383754667772,0.144625437903867,0.239335718222789,0.229228376103027,0.946168405722909
wOS22,item_PID21,27,0.288322262565053,0.144714939709925,0.228270098499184,0.25212639388724,0.946168405722909
wOS12,item_PID12,27,-0.288248537083109,0.144822299694295,-0.170201691898576,0.396012792242217,0.946168405722909
sig,item_SAPAS05,27,0.287717109050816,0.145597866270468,0.271269473325982,0.171097936980489,0.946168405722909
wOS22,item_PID06,27,0.287600794241094,0.145768013450339,0.250208918867201,0.208123960355011,0.946168405722909
sig,item_LPFS07,27,0.287315993464064,0.146185227515795,0.346566499153861,0.0765688401072319,0.946168405722909
wOS22,item_PID09,27,0.287290778085223,0.146222207630725,0.158558566573834,0.429571438792314,0.946168405722909
absAsym,item_MentS06,27,-0.286936829083578,0.146742007641176,-0.228070870038047,0.25255188461849,0.946168405722909
wOS22,PID_Antagonism,27,0.286822732199677,0.146909849559201,0.19988058866934,0.317504814654614,0.946168405722909
BIC,SAPAS_total,27,0.28679117183255,0.146956300666371,0.291153342932857,0.140635454756992,0.946168405722909
wOS22,LPFS_total,27,0.286010908792335,0.148108058962738,0.188581847593979,0.346181267648558,0.946168405722909
meanCarry,item_SAPAS01,27,-0.285899085258876,0.148273651999676,-0.263067681251215,0.18492207440138,0.946168405722909
absAsym,PID_EmotLability,27,-0.285814110573125,0.148399574823235,-0.391241593433432,0.0435904070796383,0.946168405722909
wOS21,item_PID28,27,-0.285612246875182,0.148699021119566,-0.206554147953759,0.30127590315966,0.946168405722909
allocTrust,PID_Antagonism,27,0.285511749694159,0.148848260779739,0.197424298793219,0.323610870112776,0.946168405722909
wOS22,item_MentS07,27,0.285451415990936,0.14893790866598,0.308223750914081,0.117781784709439,0.946168405722909
allocTrust,item_PID28,27,0.285429051546995,0.148971149088663,0.173032995658326,0.388083278142401,0.946168405722909
sllSelf,LPFS_total,27,-0.285190914469159,0.149325423413453,-0.290832394828377,0.141093711930861,0.946168405722909
magSelf,LPFS_total,27,-0.285038340443154,0.149552723230841,-0.309506895969989,0.116181829320043,0.946168405722909
sllSelf,item_SAPAS03,27,-0.284637286485972,0.150151381459562,-0.26034134731103,0.189684296406084,0.946168405722909
asymKL,item_PID03,27,-0.28463613833099,0.150153097782605,-0.238309346140707,0.231291693123564,0.946168405722909
E0diff,item_MentS11,27,-0.283822049811533,0.151373577149147,-0.164790880975764,0.411419331726399,0.946168405722909
magSelf,LPFS_Interpers,27,-0.28353060292201,0.151812232419011,-0.256822823186894,0.195954689124456,0.946168405722909
D,item_SAPAS07,27,-0.283480114242576,0.151888314882727,-0.260418694392943,0.189548033115526,0.946168405722909
allocSelf,item_SAPAS07,27,-0.283480114242576,0.151888314882727,-0.260418694392943,0.189548033115526,0.946168405722909
wOS11,PID_Deceitful,27,0.283264274352554,0.152213875777528,0.284438582783517,0.150448623362124,0.946168405722909
E0s,item_LPFS02,27,0.283244611894921,0.152243558287102,0.354100337569419,0.0699672355390676,0.946168405722909
meanH,LPFS_Interpers,27,0.282223114889787,0.153791305284715,0.333808081935963,0.0888217701922909,0.948608437975849
wOS21,item_PID04,27,-0.282014776139122,0.15410834791369,-0.262806413181654,0.185374812368935,0.948608437975849
wOS22,PID_Impulsivity,27,0.281958104293564,0.154194669721456,0.264029627979944,0.183261784700899,0.948608437975849
E0s,item_LPFS08,27,0.281956136340145,0.154197667901424,0.343585730097689,0.0793084439275079,0.948608437975849
wEx,item_MentS09,27,-0.280093140837505,0.157054623436853,-0.311867870958914,0.113279883224321,0.955522699129139
wOS22,PID_Grandiosity,27,0.279592488860914,0.157828763470371,0.174222138498552,0.384780172173637,0.955522699129139
wOS12,item_PID08,27,-0.279322866626939,0.158246792393449,-0.273342738442138,0.167721657640769,0.955522699129139
wOS12,MentS_Self,27,0.278899631496883,0.158904572247847,0.27673310543074,0.162302145326342,0.955522699129139
E0s,item_PID07,27,0.278869218959635,0.158951913193862,0.276989668982936,0.161897136698863,0.955522699129139
wOS21,item_PID16,27,-0.278574194853857,0.159411675283748,-0.106832255504206,0.595854578801792,0.955522699129139
wEx,PID_Rigidity,27,0.278137422606027,0.16009406799022,0.235955985289211,0.236069276641953,0.955522699129139
wOS12,LPFS_Self,27,-0.277540249483248,0.161030413420583,-0.259579136437495,0.191030715709878,0.955522699129139
wEx,item_PID30,27,0.277257650225517,0.161474869107294,0.165761666621571,0.408630864336473,0.955522699129139
sig,item_PID16,27,-0.277131094981267,0.161674189358217,-0.261288528522334,0.188020295224358,0.955522699129139
E0o,PID_Orderliness,27,-0.277105042905239,0.161715242124848,-0.363837197947977,0.0620949242708418,0.955522699129139
E0o,item_SAPAS05,27,-0.276964591603666,0.161936692000096,-0.325523367991179,0.0975371366470738,0.955522699129139
sllOther,item_PID10,27,-0.276564348742275,0.162568933729019,-0.238329189357754,0.231251685315253,0.955522699129139
E0o,item_PID14,27,-0.276268167942632,0.163037917887085,-0.376080847607006,0.0531921402575951,0.955522699129139
D,LPFS_Self,27,-0.275792976114201,0.163792353779822,-0.252223883456976,0.204363360821376,0.955522699129139
allocSelf,LPFS_Self,27,-0.275792976114201,0.163792353779823,-0.252223883456976,0.204363360821376,0.955522699129139
sllOther,item_PID15,27,-0.275456196288466,0.164328533126936,-0.273264795572265,0.167847730440986,0.955522699129139
BIC,PID_Anxiousness,27,0.275223983864293,0.164698954974482,0.226671876677099,0.255552926673499,0.955522699129139
allocSelf,item_LPFS02,27,-0.274697036283279,0.165541721587681,-0.289601186828177,0.142861650098954,0.955522699129139
D,item_LPFS02,27,-0.274697036283279,0.165541721587681,-0.289601186828177,0.142861650098954,0.955522699129139
magTrust,PID_Detachment,27,0.274637487074687,0.165637151946363,0.228729144073024,0.251147799869263,0.955522699129139
E0s,item_MentS02,27,-0.274480439425526,0.1658890143283,-0.255403181845048,0.198524538372233,0.955522699129139
magTrust,PID_Rigidity,27,0.274102410000524,0.166496380509319,0.249725300080624,0.209033514930934,0.955522699129139
meanH,item_MentS01,27,-0.273751475854553,0.167061616297173,-0.336712382409128,0.0859102587162796,0.955522699129139
wOS12,item_MentS06,27,-0.273644481942176,0.167234215998965,-0.25003803599072,0.208445036109002,0.955522699129139
BIC,PID_Withdrawal,27,0.273310659550032,0.167773537251074,0.239980872836053,0.227937732391181,0.955522699129139
sllSelf,PID_SepInsecurity,27,-0.273209770096937,0.167936774496546,-0.215374884635594,0.280636656546215,0.955522699129139
asymKL,PID_Rigidity,27,0.272862968351261,0.168498746634941,0.263494614872037,0.184183916350103,0.955522699129139
wOS21,PID_Withdrawal,27,-0.272759803694856,0.168666174260615,-0.273816296160196,0.166957111044844,0.955522699129139
D,LPFS_total,27,-0.272574847909594,0.168966635267502,-0.244911490381791,0.218234412916018,0.955522699129139
allocSelf,LPFS_total,27,-0.272574847909594,0.168966635267502,-0.244911490381791,0.218234412916018,0.955522699129139
E0s,item_MentS07,27,-0.272516274356534,0.169061866617615,-0.265789531204458,0.180251131791122,0.955522699129139
sllOther,item_PID05,27,-0.27232255466702,0.169377093339156,-0.323447625652642,0.0998179321326095,0.955522699129139
magSelf,PID_EmotLability,27,-0.272102165718265,0.169736219792756,-0.315847693985118,0.108509972500355,0.955522699129139
sllOther,item_PID07,27,-0.272057497658639,0.169809072171972,-0.240442420992132,0.227017383794553,0.955522699129139
asymKL,item_PID12,27,0.271780879649988,0.170260718469025,0.282048518003354,0.154056969120776,0.955522699129139
allocTrust,LPFS_total,27,0.271638812278137,0.170493006087714,0.1640906985558,0.413437083613123,0.955522699129139
magTrust,PID_Anankastia,27,0.271615526894299,0.170531100154759,0.180900813577527,0.366530569153824,0.955522699129139
BIC,item_PID21,27,0.271184834552606,0.171236776816026,0.242894645199689,0.222169257655788,0.955522699129139
meanSwing,item_SAPAS02,27,0.270810711278127,0.171851429749917,0.220098213175899,0.269964793347137,0.955522699129139
magSelf,item_PID22,27,-0.27009804361722,0.17302656559225,-0.304952569749172,0.121933937605405,0.955522699129139
meanCarry,PID_SepInsecurity,27,-0.26999598153822,0.173195318629406,-0.28240158177145,0.153520090815458,0.955522699129139
allocTrust,item_PID16,27,0.269715084752763,0.173660359240794,0.163788006179641,0.414311067213971,0.955522699129139
endH,item_PID23,27,0.269694946163735,0.173693733418754,0.234994245441957,0.238040431329663,0.955522699129139
meanCarry,PID_Deceitful,27,-0.269597578456097,0.173855157068997,-0.232099391208894,0.244039313740352,0.955522699129139
BIC,PID_Irresponsible,27,0.269519603299317,0.173984506070032,0.183857221983045,0.358616821510692,0.955522699129139
magTrust,item_PID19,27,0.269502317804608,0.17401318922481,0.334548292774634,0.0880727380265311,0.955522699129139
allocTrust,item_PID14,27,0.269313218367025,0.174327192982838,0.230545040395615,0.247301073985919,0.955522699129139
magTrust,item_PID15,27,0.268634768133225,0.175457041501615,0.212539285445095,0.287170721550261,0.955522699129139
sig,PID_Impulsivity,27,0.268607876348744,0.175501930753346,0.278028732792691,0.160264201417985,0.955522699129139
meanSwing,item_PID29,27,0.26846776859502,0.17573593640505,0.0851587180035447,0.672785689981836,0.955522699129139
sllOther,item_PID06,27,-0.268447988523884,0.175768990333632,-0.282065757343662,0.154030723463997,0.955522699129139
magTrust,item_LPFS10,27,-0.268101073956887,0.176349417110685,-0.239035898944729,0.22982982780211,0.955657962193304
D,MentS_Self,27,0.267728839354572,0.176973696702464,0.233474382741456,0.241177675456398,0.955657962193304
allocSelf,MentS_Self,27,0.267728839354572,0.176973696702464,0.233474382741456,0.241177675456398,0.955657962193304
sllOther,item_LPFS08,27,-0.267212746018845,0.177841797227716,-0.240347174229473,0.227207106350469,0.957397931859248
E0diff,item_MentS12,27,-0.26706913067276,0.178083895144189,-0.155779970687503,0.437802778835387,0.957397931859248
sllOther,item_PID25,27,-0.266747945426526,0.178626162266487,-0.264367704567632,0.182680744427408,0.958193320767247
wOS11,item_MentS01,27,0.266375157622583,0.179256995697846,0.264837920128315,0.181874734161649,0.958927743572437
meanKL,item_PID20,27,-0.266069504249877,0.1797753823083,-0.206402601682596,0.301638575204143,0.958927743572437
pTrialsSplit,item_PID23,27,-0.265811308291775,0.180214095218281,-0.169176016578668,0.398907848683315,0.958927743572437
endH,item_PID18,27,0.264196206861884,0.182975331098575,0.230145801278172,0.248143467271637,0.958927743572437
BIC,item_LPFS08,27,0.26411335208851,0.183117771484772,0.187913712100821,0.347924011211563,0.958927743572437
meanBC,item_MentS12,27,0.264103966363666,0.183133911882503,0.296863717725241,0.132660681007491,0.958927743572437
BIC,PID_Perfectionism,27,0.264081348997068,0.18317281046985,0.259408756320423,0.191332586588715,0.958927743572437
eta,item_PID15,27,-0.263596028094223,0.184008876621774,-0.19297217662634,0.334859919667392,0.958927743572437
wOS12,PID_Anxiousness,27,-0.263545648413687,0.184095817748784,-0.260657068641066,0.189128512123317,0.958927743572437
allocTrust,item_LPFS05,27,0.262455361747917,0.18598434167676,0.260477211724357,0.189444987411888,0.958927743572437
meanKL,PID_Manipulative,27,-0.262038628835874,0.186709716444355,-0.250809143640229,0.206998851665233,0.958927743572437
wOS12,item_LPFS02,27,-0.262019592514422,0.186742898267527,-0.272831407635454,0.168549954610712,0.958927743572437
magSelf,item_SAPAS01,27,-0.261967006207515,0.186834581627316,-0.263067681251215,0.18492207440138,0.958927743572437
sig,item_PID08,27,0.26182894107728,0.18707544438547,0.275350151453953,0.164497621166415,0.958927743572437
meanCarry,MentS_total,27,0.261214798151995,0.188149460202866,0.359187116646957,0.065763976953253,0.958927743572437
BIC,item_PID22,27,0.261201378789831,0.188172975597071,0.22237479499833,0.264915699967283,0.958927743572437
BIC,item_PID26,27,0.261140962577766,0.188278871035367,0.228596037607817,0.251431300008397,0.958927743572437
BIC,PID_SepInsecurity,27,0.260962390899728,0.188592106416679,0.186467636107808,0.351713795171884,0.958927743572437
meanBC,PID_IntimacyAvoid,27,0.260842385796612,0.188802811763572,0.140357038420343,0.485005294307668,0.958927743572437
D,item_PID30,27,0.260793586257207,0.18888854072158,0.118201357211163,0.557073322710262,0.958927743572437
allocSelf,item_PID30,27,0.260793586257207,0.18888854072158,0.118201357211163,0.557073322710262,0.958927743572437
meanCarry,item_PID19,27,0.260697839935209,0.189056822047154,0.173143414681609,0.387775884057164,0.958927743572437
sllSelf,MentS_Other,27,-0.260603166198933,0.189223320174126,-0.39310647917405,0.0425110571617416,0.958927743572437
E0s,item_PID27,27,0.259759743575103,0.190711084408941,0.187589349217283,0.348771953262417,0.958927743572437
wOS12,item_MentS07,27,0.259211870221931,0.191681829421754,0.264144794006411,0.183063708807486,0.958927743572437
allocTrust,MentS_Motiv,27,0.258889949118685,0.192253810736472,0.215840944048982,0.279571859429205,0.958927743572437
absAsym,item_PID07,27,-0.258865358429527,0.192297551207319,-0.306804529185961,0.119570242233579,0.958927743572437
allocTrust,SAPAS_total,27,0.258783473521208,0.192443252753183,0.126817590265749,0.528475196796278,0.958927743572437
endH,item_PID29,27,-0.258775196612188,0.192457984470531,-0.0851587180035447,0.672785689981836,0.958927743572437
wEx,PID_Withdrawal,27,0.258638352221043,0.192701660715052,0.292927044519203,0.138122275877477,0.958927743572437
wOS21,item_LPFS11,27,-0.258631994456171,0.192712987037439,-0.189943783415127,0.342645033878859,0.958927743572437
D,item_MentS05,27,-0.257952096652325,0.193926871851109,-0.255863684918434,0.19768841041848,0.958927743572437
allocSelf,item_MentS05,27,-0.257952096652325,0.193926871851109,-0.255863684918434,0.19768841041848,0.958927743572437
magTrust,PID_Impulsivity,27,0.257826284559219,0.194152072069717,0.258169537593213,0.193538082860726,0.958927743572437
wOS11,item_LPFS02,27,0.257763325756993,0.194264834201845,0.250579200629725,0.207429384442028,0.958927743572437
sllSelf,PID_IntimacyAvoid,27,-0.257638536510082,0.194488470798109,-0.170060504690695,0.396410596805039,0.958927743572437
sllOther,item_PID28,27,-0.257613112929567,0.19453405448737,-0.189314698201822,0.344275736350492,0.958927743572437
absAsym,item_SAPAS02,27,-0.257347139160911,0.195011378232872,-0.239237188234673,0.22942591585939,0.958927743572437
endH,item_LPFS07,27,0.256959941428965,0.195707693619005,0.37115284943397,0.0566466177732198,0.958927743572437
E0s,item_SAPAS05,27,0.256884913283287,0.195842817691804,0.15191090506255,0.449404986180836,0.958927743572437
asymKL,item_LPFS05,27,-0.2568550912652,0.195896544318615,-0.305241664050585,0.121562720734185,0.958927743572437
wOS22,PID_Disinhibition,27,0.25665910856125,0.196249874203553,0.254963854840304,0.199324475839585,0.958927743572437
magSelf,PID_Deceitful,27,-0.256625615759102,0.196310300928592,-0.333039260674238,0.0896048421282206,0.958927743572437
pTrialsSplit,item_LPFS10,27,-0.256217464931525,0.197047702388472,-0.188521010548227,0.346339736767562,0.958927743572437
wOS22,item_PID28,27,0.256074951565115,0.197305627287006,0.225070593983616,0.259016338355803,0.958927743572437
magSelf,MentS_Self,27,0.256014786969476,0.197414584527717,0.238076374516912,0.231761754589959,0.958927743572437
wOS21,LPFS_Self,27,-0.255847005697579,0.197718652338664,-0.030033949670454,0.881782794967892,0.958927743572437
allocTrust,PID_Grandiosity,27,0.255040443063853,0.199184863307588,0.203745815599797,0.308040918977528,0.958927743572437
wOS21,SAPAS_total,27,-0.254922878618942,0.199399198862617,-0.108213542794001,0.591081766629555,0.958927743572437
absAsym,item_MentS08,27,-0.254672595511163,0.199856024622068,-0.290363307151568,0.141765422101788,0.958927743572437
sllOther,item_PID01,27,-0.254204668373879,0.20071202497984,-0.214162834418597,0.283417889038258,0.958927743572437
absAsym,PID_Impulsivity,27,-0.254175806417947,0.200764905540944,-0.292353398182478,0.13893150211352,0.958927743572437
magSelf,item_SAPAS02,27,-0.254163190145386,0.200788023934389,-0.181820263058351,0.364058502929727,0.958927743572437
allocTrust,item_MentS04,27,-0.254148066061819,0.200815740109791,-0.162077367182301,0.419269542595873,0.958927743572437
wOS11,PID_Antagonism,27,0.253134250335045,0.202679620892492,0.19926651620031,0.319024639265698,0.958927743572437
E0diff,item_PID09,27,0.25282906358398,0.203243009073564,0.183208427763883,0.360344823037273,0.958927743572437
E0diff,PID_IntimacyAvoid,27,0.252756251526636,0.203377581281504,0.305847779069445,0.120787120488711,0.958927743572437
wEx,item_PID17,27,-0.252749715212539,0.203389664760694,-0.18130427342399,0.36544460488589,0.958927743572437
E0s,item_LPFS04,27,0.252735203488919,0.203416493883033,0.311239447497428,0.114047009271578,0.958927743572437
BIC,item_PID06,27,0.25259571697993,0.203674498391995,0.215033659716109,0.281417883238608,0.958927743572437
allocSelf,item_LPFS08,27,-0.25241694024651,0.204005503689432,-0.222435121949499,0.264782740769232,0.958927743572437
D,item_LPFS08,27,-0.25241694024651,0.204005503689432,-0.222435121949499,0.264782740769232,0.958927743572437
absAsym,item_PID09,27,-0.25222218560675,0.204366509918275,-0.320115089238349,0.103562812981107,0.958927743572437
magTrust,item_PID20,27,0.252194700494517,0.204417492687371,0.202163685692274,0.311893319262678,0.958927743572437
magTrust,item_PID10,27,0.251958093928883,0.204856738728892,0.255710841316524,0.19796565752872,0.958927743572437
wOS11,item_PID13,27,-0.251852174600349,0.205053580193079,-0.223134058526962,0.263245447577832,0.958927743572437
asymKL,PID_Anankastia,27,0.251498739883938,0.20571134003014,0.159057347992486,0.428102834893079,0.958927743572437
eta,item_LPFS08,27,-0.251410284208578,0.205876185316234,-0.139388334105982,0.488053742170315,0.958927743572437
magTrust,PID_Perfectionism,27,0.251042020952787,0.206563445551678,0.165049610164941,0.410675128765316,0.958927743572437
endH,item_LPFS12,27,0.25070419941052,0.207195267970815,0.256001636978571,0.197438404479009,0.958927743572437
allocTrust,PID_Disinhibition,27,0.250501702341435,0.207574625270316,0.203662036775467,0.308244171727656,0.958927743572437
wOS12,PID_Grandiosity,27,-0.250337039599869,0.207883452206711,-0.124583428647009,0.535822652491437,0.958927743572437
asymKL,item_SAPAS04,27,0.250006207168758,0.20850487721243,0.34275722819879,0.0800830344949228,0.958927743572437
E0s,item_PID29,27,0.249544568382623,0.209374114348815,0.288931364654884,0.143830145941956,0.958927743572437
allocTrust,item_LPFS08,27,0.249291522006889,0.20985162842822,0.1397140077838,0.487027787848961,0.958927743572437
allocTrust,PID_Deceitful,27,0.248938675558836,0.210518705615107,0.185679512967115,0.353789546127938,0.958927743572437
allocTrust,item_SAPAS05,27,0.248265299844864,0.211795754544184,0.238717136526864,0.230470434591582,0.958927743572437
pTrialsSplit,item_LPFS04,27,0.24819265568771,0.211933836569798,0.298333350213757,0.130662548726587,0.958927743572437
wOS21,PID_Antagonism,27,-0.248131280558383,0.212050545990587,-0.113296370536078,0.573662802638192,0.958927743572437
E0diff,item_PID25,27,0.248055010765983,0.212195639446383,0.47808227938871,0.0116598641964938,0.958927743572437
E0s,item_PID30,27,-0.24787887460505,0.212530972957882,0.0818317088384971,0.684910592790829,0.958927743572437
magSelf,item_PID11,27,-0.247737859835779,0.212799700007922,-0.337906699801412,0.0847341979252671,0.958927743572437
BIC,PID_Anankastia,27,0.247657804921085,0.212952360344357,0.294117649285912,0.136453612538909,0.958927743572437
sllSelf,item_PID14,27,-0.247620438234749,0.213023641960558,-0.18838046073624,0.346706008476266,0.958927743572437
sllOther,PID_NegAffect,27,-0.247445694947096,0.213357201118564,-0.251230019725637,0.206212403460076,0.958927743572437
wOS12,LPFS_Interpers,27,-0.247137003941746,0.213947310704224,-0.188767854452717,0.345697023505672,0.958927743572437
wEx,item_PID04,27,0.246824737451514,0.214545378443543,0.252883150320958,0.203143084643598,0.958927743572437
sllSelf,item_PID13,27,-0.246580866323024,0.215013237975297,-0.192445133571964,0.336207045055165,0.958927743572437
magSelf,item_PID21,27,-0.246579786611303,0.215015310903119,-0.221911599933747,0.265938009288435,0.958927743572437
absAsym,PID_Anankastia,27,-0.246556252995451,0.215060496216426,-0.363032244934494,0.0627184126930936,0.958927743572437
D,item_PID06,27,-0.246266687774359,0.21561699654913,-0.274101547724546,0.166497767687649,0.958927743572437
allocSelf,item_PID06,27,-0.246266687774359,0.21561699654913,-0.274101547724546,0.166497767687649,0.958927743572437
wOS22,PID_Deceitful,27,0.246257457691878,0.215634751356087,0.218703050508246,0.273089442098319,0.958927743572437
eta,PID_Perfectionism,27,-0.245528571602793,0.217039943584126,-0.160947038592963,0.42256380939435,0.958927743572437
sig,item_PID26,27,0.245469449606425,0.217154193048724,0.253058344215296,0.202819647075139,0.958927743572437
allocSelf,item_MentS04,27,0.245331739520868,0.217420466331761,0.189788408092197,0.343047363161074,0.958927743572437
D,item_MentS04,27,0.245331739520868,0.217420466331761,0.189788408092197,0.343047363161074,0.958927743572437
BIC,item_PID08,27,0.245266346397133,0.217546986203854,0.224161119652671,0.260996961704667,0.958927743572437
E0s,MentS_Self,27,-0.245119902555085,0.21783049977448,-0.244212363550853,0.21959304288276,0.958927743572437
sig,item_MentS08,27,-0.244721450220638,0.218603160157469,-0.282688506081483,0.153084770213157,0.960012061337083
meanSwing,item_PID27,27,0.24455998291469,0.218916795499769,0.235378270881002,0.237252040024308,0.960012061337083
endH,PID_IntimacyAvoid,27,-0.244382435946311,0.219262014009087,-0.0525522864783145,0.79461069829567,0.960012061337083
endH,item_PID20,27,-0.243820073967765,0.220357878429853,-0.13075425477839,0.515647111514291,0.960233454072716
wOS22,PID_Anhedonia,27,0.243672155734349,0.22064673522243,0.173019190580953,0.388121719714114,0.960233454072716
sllSelf,item_PID15,27,-0.243582052318843,0.220822815251617,-0.205792006542076,0.303102579256158,0.960233454072716
endH,PID_Anhedonia,27,0.242982927143656,0.221996029435383,0.290368586751947,0.141757849175124,0.960233454072716
wEx,item_PID18,27,-0.242906646605685,0.222145702974482,-0.18204970118377,0.36344315597674,0.960233454072716
sllOther,item_PID22,27,-0.242875496749192,0.222206843031709,-0.183036563719386,0.360803386826797,0.960233454072716
meanSwing,item_PID23,27,-0.242761391323121,0.222430902506263,-0.177513638643205,0.375721858837366,0.960233454072716
wOS22,item_LPFS08,27,0.242375525642897,0.223189719649699,0.172281375565571,0.390179402812135,0.960233454072716
D,PID_Impulsivity,27,-0.242004727147913,0.223920542437528,-0.23570585777741,0.236580885081769,0.960233454072716
allocSelf,PID_Impulsivity,27,-0.242004727147913,0.223920542437528,-0.23570585777741,0.236580885081769,0.960233454072716
BIC,PID_NegAffect,27,0.241636151455896,0.224648573751278,0.180370270572252,0.367961465062257,0.960233454072716
magTrust,PID_IntimacyAvoid,27,0.241469661630592,0.224977953569007,0.255580374611927,0.198202525641869,0.960233454072716
wOS22,MentS_Other,27,0.241307675656873,0.225298733631515,0.267844383135112,0.176779751579785,0.960233454072716
endH,item_PID17,27,0.240958644512559,0.225990959710081,0.18130427342399,0.36544460488589,0.960233454072716
E0o,PID_Anankastia,27,-0.240738003056568,0.226429287307474,-0.298732465958808,0.130123708231448,0.960233454072716
wOS11,item_PID11,27,0.240622827458868,0.226658321766651,0.23550094087498,0.237000567949385,0.960233454072716
wOS11,PID_Orderliness,27,-0.240386203452608,0.227129351000472,-0.13579384781569,0.499449550562982,0.960233454072716
BIC,item_MentS10,27,-0.240323941640957,0.227253399560446,-0.150370955321949,0.454067942396414,0.960233454072716
meanBC,item_SAPAS03,27,-0.240229572994889,0.227441503206463,-0.270755001203471,0.17194308904649,0.960233454072716
wOS21,PID_Perfectionism,27,-0.240044659919298,0.227810389637928,-0.104457783871119,0.60409744699006,0.960233454072716
BIC,item_MentS06,27,-0.239493702488974,0.228911875422272,-0.221609938875496,0.266605168409802,0.960233454072716
wOS11,PID_Manipulative,27,0.239366834871371,0.229166014894513,0.203145544914366,0.309499051936885,0.960233454072716
wOS12,item_MentS04,27,0.239327329867774,0.229245189234248,0.210088356665726,0.292895376330891,0.960233454072716
D,item_PID12,27,-0.239134770937821,0.229631369607319,-0.1226146882453,0.542336970415687,0.960233454072716
allocSelf,item_PID12,27,-0.239134770937821,0.229631369607319,-0.1226146882453,0.542336970415687,0.960233454072716
E0s,item_PID24,27,0.239070690303977,0.229759980715867,0.207061588583286,0.300063509634658,0.960233454072716
wOS22,item_PID07,27,0.238942424843136,0.230017556468358,0.216398178892919,0.278302143088079,0.960233454072716
wOS12,PID_Impulsivity,27,-0.238763593494736,0.230376997417446,-0.229194646236598,0.250157984998201,0.960233454072716
wOS11,item_PID17,27,0.238229202490752,0.23145332535097,0.192810121545128,0.335273785504109,0.962797133525087
sllSelf,item_LPFS10,27,-0.238065111861457,0.231784495107891,-0.187071573087179,0.350128062189629,0.962797133525087
allocTrust,item_MentS10,27,-0.237116919057679,0.233704331844915,-0.270020962782424,0.173154003094675,0.969115232735741
asymKL,PID_Orderliness,27,0.236865930206428,0.234214282266802,0.0706386049207509,0.726249763206703,0.969575308191359
endH,item_LPFS10,27,0.236524876291288,0.234908408580809,0.208761030836418,0.296025414804644,0.970794953828852
absAsym,item_PID10,27,-0.236056760650279,0.235863359373552,-0.237660664282416,0.232602103877313,0.970851807635361
E0s,PID_NegAffect,27,0.235537694940568,0.236925256968498,0.374851140543014,0.0540382762008619,0.970851807635361
wOS22,SAPAS_total,27,0.235457751134166,0.237089086249414,0.104492733299652,0.603975773901427,0.970851807635361
E0s,item_LPFS05,27,0.235432679333675,0.237140481498695,0.217659039934051,0.275442759892058,0.970851807635361
asymKL,item_PID22,27,-0.235368508509219,0.237272060371261,-0.276017837651436,0.163435046416096,0.970851807635361
magSelf,LPFS_Self,27,-0.235345460572992,0.237319330755311,-0.265708513921261,0.180388965516828,0.970851807635361
wOS22,item_PID16,27,0.234884271314378,0.238266523860513,0.139654213520558,0.487216072893796,0.973088492405119
allocTrust,PID_Impulsivity,27,0.234441472883418,0.239178299183234,0.199243073148861,0.31908274904643,0.975173266804124
allocTrust,item_MentS11,27,0.233712572706223,0.240684216322196,0.211687890581515,0.289151240485927,0.979669423220998
E0diff,item_PID17,27,0.233155120203316,0.241840140751092,0.244760769122387,0.21852683270505,0.982377478766454
wOS21,item_MentS10,27,0.232882305840804,0.242407177917533,0.206638796668226,0.301073445274895,0.982377478766454
sig,item_PID14,27,0.232746045614251,0.242690719369961,0.202662011911189,0.310676720937188,0.982377478766454
asymKL,LPFS_Interpers,27,-0.232046712377723,0.244149392271645,-0.215558724497393,0.280216332855027,0.982377478766454
E0diff,item_PID12,27,0.231841589268468,0.244578332531474,0.168812290332057,0.399937361381567,0.982377478766454
wEx,PID_Manipulative,27,-0.231396367960727,0.24551105783255,-0.164357236985733,0.412668338697745,0.982377478766454
sllOther,item_MentS11,27,0.231299999532372,0.245713254582316,0.206151438058613,0.302240246254989,0.982377478766454
asymKL,item_PID29,27,-0.231187750972132,0.245948908565636,-0.228103708938066,0.252481718523268,0.982377478766454
asymKL,PID_IntimacyAvoid,27,-0.231021895957515,0.246297375707807,-0.2369749067283,0.233992776761875,0.982377478766454
sllSelf,item_PID04,27,-0.231010821515305,0.246320655054007,-0.183100205042516,0.360633540433124,0.982377478766454
sllOther,LPFS_total,27,-0.230690895967608,0.246993788423902,-0.205419512557727,0.303997869074393,0.982377478766454
meanH,item_PID02,27,-0.230326465028171,0.247762034242742,-0.176400201578771,0.378772139676187,0.982377478766454
wOS22,item_PID30,27,0.230159937180733,0.248113608428106,0.0916235372465224,0.649454564075084,0.982377478766454
wOS11,LPFS_Self,27,0.23000814981864,0.248434347674247,0.217592900673697,0.275592281303225,0.982377478766454
magSelf,item_MentS10,27,0.229591404819506,0.249316363263367,0.157161901691327,0.433698336596483,0.982377478766454
meanKL,item_LPFS01,27,-0.229442048703246,0.249632965761775,-0.212828993427332,0.286498765661036,0.982377478766454
meanCarry,item_PID02,27,-0.228713011277542,0.251182149555579,-0.212896795008862,0.286341649016156,0.982377478766454
E0o,item_PID20,27,-0.228398577195072,0.25185225179126,-0.283355230429978,0.152076621976046,0.982377478766454
wOS22,MentS_Self,27,-0.228357835259479,0.251939163982051,-0.181625275404654,0.364581934838203,0.982377478766454
wOS21,item_PID25,27,-0.228057517804389,0.252580417664329,-0.250490134774056,0.207596310176288,0.982377478766454
allocTrust,MentS_Self,27,-0.227973238969841,0.252760565905184,-0.202487638120054,0.31110209701687,0.982377478766454
meanBC,item_PID17,27,-0.2275298102176,0.253709790251452,-0.236741541644018,0.234467284587914,0.982377478766454
absAsym,LPFS_Interpers,27,-0.227431097184814,0.253921416476383,-0.23403518659717,0.240016920646877,0.982377478766454
BIC,item_PID29,27,0.227403371699635,0.253980876572905,0.164234670435408,0.413021743956465,0.982377478766454
allocTrust,item_PID07,27,0.227395708722109,0.253997312204266,0.158691997854807,0.429178297007007,0.982377478766454
asymKL,item_SAPAS03,27,-0.227350635414664,0.254093999947413,-0.145791154494177,0.46808557433268,0.982377478766454
magSelf,PID_Disinhibition,27,-0.227288275263717,0.254227809706313,-0.334388958711769,0.0882335658899125,0.982377478766454
BIC,item_SAPAS06,27,0.226997777138144,0.254851754585391,0.1770321161715,0.377039247038,0.982377478766454
sllOther,item_LPFS02,27,-0.226740008951074,0.255406236746477,-0.248644226107488,0.211076480668224,0.982377478766454
absAsym,item_PID15,27,-0.226607804702464,0.255690924831971,-0.345798043779718,0.077268092369626,0.982377478766454
wOS21,item_LPFS08,27,-0.22652448011459,0.255870461930005,-0.135480249972169,0.500450015387437,0.982377478766454
allocTrust,item_LPFS02,27,0.22606397340464,0.256864184708905,0.150928012734506,0.45237822844508,0.982377478766454
allocTrust,item_PID09,27,0.225494084542957,0.258097418221625,0.143901892352723,0.473932936861697,0.982377478766454
eta,LPFS_Self,27,-0.225405795917051,0.258288817943675,-0.258966198689119,0.19211822612677,0.982377478766454
sig,item_PID23,27,0.225107614585997,0.258935923669443,0.248519094100487,0.211313821371454,0.982377478766454
endH,item_PID24,27,0.225057369493906,0.259045068004121,0.285277643204872,0.149196328097068,0.982377478766454
meanCarry,item_PID20,27,-0.224821498779922,0.259557835228575,-0.242922493291523,0.222114603886721,0.982377478766454
wEx,PID_Grandiosity,27,-0.224649963296898,0.259931155909777,-0.206016867684508,0.302562922265949,0.982377478766454
E0s,LPFS_Interpers,27,0.224500246314195,0.26025727690186,0.249432238346983,0.20958599680592,0.982377478766454
magSelf,item_LPFS10,27,-0.224035258304998,0.261271830472988,-0.14007774796383,0.485883208351578,0.982377478766454
allocTrust,item_PID08,27,0.22368608090025,0.262035382475088,0.17163381251018,0.391990499976827,0.982377478766454
endH,item_MentS01,27,-0.223292804521076,0.262897097057729,-0.207479974859883,0.299066187189207,0.982377478766454
absAsym,item_PID21,27,-0.223042262039877,0.263447021159479,-0.286450360372932,0.147458584545443,0.982377478766454
wEx,item_PID19,27,0.222625855059623,0.264362653397253,0.311071219597467,0.114253017205419,0.982377478766454
asymKL,item_PID05,27,0.222199136038663,0.265303094069385,0.111579468397626,0.579521080036366,0.982377478766454
magSelf,item_SAPAS08,27,-0.221975273229077,0.265797326246423,-0.228402304294797,0.251844301985148,0.982377478766454
eta,LPFS_total,27,-0.221408727177563,0.267050772125323,-0.139293410154644,0.488352982366961,0.982377478766454
meanKL,item_LPFS08,27,-0.221390475667337,0.267091215709163,-0.183354280611373,0.35995593118675,0.982377478766454
meanH,PID_Detachment,27,0.221185761987848,0.267545112250533,0.288451154773113,0.144527382722686,0.982377478766454
sig,PID_IntimacyAvoid,27,0.221170812845666,0.267578277363549,0.179526444491136,0.370244010666716,0.982377478766454
wOS22,item_MentS11,27,0.221097924959116,0.267740019276654,0.188890733134275,0.345377347515795,0.982377478766454
wOS21,PID_Deceitful,27,-0.221029819736343,0.267891205190832,-0.0252349673663361,0.900571311886689,0.982377478766454
meanH,item_LPFS10,27,0.220830920401941,0.268333054398738,0.201531211586672,0.313441659523884,0.982377478766454
wOS22,item_MentS05,27,0.220499758343113,0.269069763116952,0.196270117798191,0.326504655223533,0.982377478766454
wOS21,LPFS_total,27,-0.220001641790308,0.270180333115386,-0.055105085335903,0.784858782527694,0.982377478766454
endH,LPFS_Interpers,27,0.219911365472349,0.270381922905908,0.243273417647058,0.221426665321602,0.982377478766454
wOS21,item_MentS11,27,-0.219876318995152,0.270460208836006,-0.0595982830406418,0.767771961585464,0.982377478766454
wOS11,item_MentS04,27,-0.219634003793029,0.271001885321319,-0.170132902330527,0.396206583257584,0.982377478766454
absAsym,item_LPFS11,27,-0.219433846197319,0.271449847541752,-0.178828312440748,0.372138678285913,0.982377478766454
endH,item_PID02,27,-0.21933538102084,0.271670391846527,-0.155110522077885,0.439798606367956,0.982377478766454
D,PID_Anxiousness,27,-0.219217001608326,0.271935692857248,-0.220124270885876,0.269906653545742,0.982377478766454
allocSelf,PID_Anxiousness,27,-0.219217001608326,0.271935692857248,-0.220124270885876,0.269906653545742,0.982377478766454
magSelf,PID_Irresponsible,27,-0.21915844288619,0.272066990772722,-0.307117307132727,0.119174385335786,0.982377478766454
eta,item_LPFS03,27,-0.218676486486649,0.273149159909665,-0.197598699241158,0.323174978270939,0.982377478766454
absAsym,item_SAPAS04,27,-0.218148174137113,0.274338584383713,-0.171378614099395,0.392705548528138,0.982377478766454
E0diff,item_PID20,27,0.2178561545289,0.274997449963851,0.299332683008883,0.129316413019104,0.982377478766454
wEx,item_MentS08,27,-0.217358199451587,0.276123291080016,-0.27917088892436,0.158482768747997,0.982377478766454
sig,item_PID07,27,0.217091219481887,0.276728126810187,0.226015875732604,0.25696811898607,0.982377478766454
meanSwing,item_PID01,27,0.216743989844793,0.277516032727618,0.221880414037285,0.266006930553409,0.982377478766454
asymKL,item_PID16,27,0.216672919707428,0.277677476027758,0.197253532000235,0.324038028277261,0.982377478766454
meanKL,PID_Irresponsible,27,-0.216427722395774,0.278234928190742,-0.169740843516182,0.397312099966011,0.982377478766454
sllSelf,item_PID24,27,-0.216347592012059,0.27841725819213,-0.185641424247084,0.35389004750709,0.982377478766454
wOS22,item_MentS10,27,-0.216313487441142,0.278494883440891,-0.215370013428856,0.280647799328843,0.982377478766454
meanKL,item_MentS12,27,0.216116527419853,0.278943453548704,0.267471270425713,0.17740657231579,0.982377478766454
E0s,PID_Orderliness,27,-0.215917861717825,0.279396375208785,0.101280922123816,0.615200196891333,0.982377478766454
magSelf,item_LPFS05,27,-0.21577528421568,0.279721715017542,-0.208900777522398,0.29569488487656,0.982377478766454
wOS22,item_LPFS02,27,0.215770068962128,0.279733619998644,0.13867317409367,0.490310510066095,0.982377478766454
E0o,item_SAPAS08,27,-0.215604544032824,0.28011163552287,-0.190335253578998,0.341632615802236,0.982377478766454
pTrialsSplit,item_SAPAS07,27,0.215272732452035,0.280870386550991,0.217163723219581,0.276563787849346,0.982377478766454
magTrust,item_SAPAS08,27,-0.215051981651663,0.281375900433935,-0.228402304294797,0.251844301985148,0.982377478766454
meanSwing,item_MentS06,27,0.214804457733342,0.281943412753249,0.183813491574573,0.35873313933526,0.982377478766454
pTrialsSplit,MentS_Motiv,27,0.214738167553033,0.282095523659594,0.0725690088106371,0.719062849070989,0.982377478766454
E0o,item_MentS12,27,0.214571864312149,0.282477356559016,0.166557201363997,0.406353679736758,0.982377478766454
sig,MentS_Motiv,27,-0.214563416667016,0.282496761156781,-0.207157687679196,0.299834250881677,0.982377478766454
sllSelf,item_PID22,27,-0.214526518008912,0.282581528874873,-0.168731752345224,0.400165523521097,0.982377478766454
meanKL,PID_Disinhibition,27,-0.21450538265705,0.282630090653234,-0.145252135484779,0.46975003101389,0.982377478766454
absAsym,item_SAPAS07,27,-0.214397243161753,0.282878641128157,-0.314672589058139,0.109902565943107,0.982377478766454
wEx,item_PID20,27,0.214116907566339,0.283523618418101,0.173469485142403,0.386868953985066,0.982377478766454
meanSwing,item_MentS12,27,0.213916497640078,0.283985280561583,0.235139578396231,0.237741863766498,0.982377478766454
pTrialsSplit,PID_Anxiousness,27,0.213852264397812,0.284133348568234,0.231202663470025,0.245917592791455,0.982377478766454
meanCarry,item_LPFS03,27,-0.21350846297199,0.284926699958952,-0.209011165368948,0.295433958693233,0.982377478766454
meanBC,item_SAPAS08,27,-0.213309026507271,0.285387560515281,-0.180818490900048,0.366752383017191,0.982377478766454
wOS12,PID_EmotLability,27,-0.212978299037641,0.286152851988044,-0.251933524082432,0.204902388070373,0.982377478766454
sllOther,PID_Disinhibition,27,-0.212954576232937,0.286207795667192,-0.129490733549197,0.519747849460014,0.982377478766454
sllSelf,PID_Detachment,27,-0.212947985942176,0.286223060429715,-0.148381490502285,0.460129727302605,0.982377478766454
meanSwing,item_PID17,27,-0.212687703845077,0.286826351628247,-0.226281679715711,0.256394085597761,0.982377478766454
wEx,item_PID12,27,-0.212394314727965,0.287507344656377,-0.228903908084003,0.25077589231786,0.982377478766454
BIC,item_PID20,27,0.212379807002671,0.287541045451899,0.18553409219178,0.354173346294232,0.982377478766454
wOS12,item_LPFS12,27,-0.212275542309402,0.287783321241354,-0.206835759678051,0.300602689823196,0.982377478766454
pTrialsSplit,item_LPFS08,27,-0.212081199750478,0.288235252252629,-0.131862534277641,0.51206323081493,0.982377478766454
meanCarry,MentS_Self,27,0.211989182637989,0.288449388639919,0.260779533942494,0.188913232224861,0.982377478766454
pTrialsSplit,item_PID21,27,0.2118682388558,0.288730994371943,0.240156390915791,0.227587447654021,0.982377478766454
pTrialsSplit,item_PID11,27,0.21181044396128,0.288865625491661,0.286630147976777,0.147193462491521,0.982377478766454
wOS21,PID_Disinhibition,27,-0.21157297535095,0.289419216639071,-0.170284950323646,0.395778312062007,0.982377478766454
magTrust,item_PID01,27,0.211395600206451,0.289833153995288,0.199692372633557,0.317970173692172,0.982377478766454
wOS11,PID_Impulsivity,27,0.211322735151701,0.290003306267405,0.223008995272826,0.263520095476862,0.982377478766454
BIC,item_PID13,27,0.210838983366456,0.2911345485746,0.130747607360354,0.51566864428581,0.982377478766454
wOS21,item_LPFS02,27,-0.210344053418422,0.292294808471216,-0.0432144309966322,0.830529054240582,0.982377478766454
asymKL,item_PID30,27,0.210292803415963,0.292415119691771,0.0685427988561771,0.734078141775196,0.982377478766454
wOS21,item_PID19,27,-0.209936666052222,0.293252026830616,-0.210315447212124,0.292361958719323,0.982377478766454
D,LPFS_Interpers,27,-0.209899312376825,0.293339893639314,-0.173062861667907,0.388000120803202,0.982377478766454
allocSelf,LPFS_Interpers,27,-0.209899312376825,0.293339893639314,-0.173062861667907,0.388000120803202,0.982377478766454
endH,item_PID09,27,0.209321220581055,0.29470184863516,0.232175043911685,0.24388128586209,0.982377478766454
asymKL,PID_Deceitful,27,-0.209283721816391,0.294790330942428,-0.252972759277345,0.202977607344216,0.982377478766454
wOS12,item_PID01,27,-0.209252900480491,0.294863069656563,-0.207409952252245,0.29923295777833,0.982377478766454
endH,item_PID19,27,0.2092334363633,0.294909011014903,0.26802991877266,0.176468633165636,0.982377478766454
wEx,PID_Perfectionism,27,0.209157097663038,0.295089237482716,0.145799082019508,0.468061117534104,0.982377478766454
BIC,item_PID24,27,0.20901639594564,0.295421598655776,0.17233495852308,0.390029756763825,0.982377478766454
magTrust,item_LPFS05,27,0.208704975988727,0.296158061343886,0.19722309430686,0.324114201672188,0.982377478766454
meanCarry,LPFS_total,27,-0.208660465278426,0.296263416761281,-0.192255519949706,0.336692497979297,0.982377478766454
allocTrust,PID_Anhedonia,27,0.208648792379444,0.296291050032077,0.177763775331802,0.37503856880098,0.982377478766454
meanCarry,item_MentS03,27,0.208572380279525,0.296471980481291,0.22327093473188,0.262945070144557,0.982377478766454
meanSwing,PID_IntimacyAvoid,27,0.208167980572946,0.29743068277719,0.0257865256632723,0.898409050573508,0.982377478766454
sllOther,item_MentS02,27,0.208109888074856,0.297568561051668,0.152101150478441,0.448830699277929,0.982377478766454
magTrust,PID_Withdrawal,27,0.208052609606988,0.297704546526789,0.270370095636441,0.172577308775298,0.982377478766454
sllOther,item_PID29,27,-0.207915746308042,0.298029633053966,-0.145986373720362,0.467483506866168,0.982377478766454
wOS12,item_PID21,27,-0.207829154170076,0.298235427177147,-0.212373852085592,0.287554879181352,0.982377478766454
wOS22,item_PID23,27,0.207825331688342,0.298244513706222,0.175484911344425,0.3812902706725,0.982377478766454
wOS21,PID_Detachment,27,-0.207795093983766,0.298316398721476,-0.153614862573942,0.444275268783482,0.982377478766454
asymKL,item_LPFS12,27,-0.207761318441282,0.298396707184428,-0.205818534630454,0.303038881771258,0.982377478766454
meanKL,item_SAPAS05,27,-0.207662436125987,0.298631898594474,-0.162761683995589,0.417282057083088,0.982377478766454
meanKL,item_MentS04,27,0.207482338741742,0.29906055822387,0.169488459518669,0.398024688082383,0.982377478766454
wOS22,item_PID05,27,0.207328978945387,0.299425881886874,0.0687409224949661,0.733336973419465,0.982377478766454
meanH,item_LPFS07,27,0.207272485482659,0.299560527300378,0.20814197908366,0.297492390445938,0.982377478766454
meanBC,item_LPFS08,27,-0.207219973846334,0.299685716490188,-0.196381227724082,0.32622539402926,0.982377478766454
asymKL,PID_Anhedonia,27,-0.20716253925743,0.29982267962448,-0.21508784203848,0.281293741641169,0.982377478766454
wEx,item_PID06,27,0.206977958915816,0.300263109934182,0.196118661870711,0.326885555847575,0.982377478766454
asymKL,item_PID25,27,0.206793863172146,0.300702786854907,0.0752858161301525,0.708987644133225,0.982377478766454
BIC,PID_Orderliness,27,0.206452461633471,0.301519223069798,0.221592335984273,0.26664413262421,0.982377478766454
meanCarry,item_SAPAS08,27,-0.206429954088407,0.301573096796148,-0.133234677505298,0.507643048165942,0.982377478766454
magTrust,PID_Anhedonia,27,0.206337476214867,0.301794513579086,0.164162632379369,0.41322953512919,0.982377478766454
E0s,item_PID16,27,0.206232778679968,0.302045310029268,0.37680894938381,0.0526960643053771,0.982377478766454
sig,item_MentS10,27,-0.206161953290643,0.30221504163838,-0.246090961290329,0.215955190281564,0.982377478766454
magTrust,item_LPFS01,27,0.206021961357852,0.302550704622036,0.0917763356510443,0.648906902427359,0.982377478766454
wOS21,item_SAPAS03,27,-0.205982103327123,0.302646315997257,-0.281168655095912,0.155400735570552,0.982377478766454
meanBC,item_SAPAS06,27,-0.205629876002365,0.303492057855436,-0.052068269462206,0.79646313602095,0.982377478766454
meanH,item_PID15,27,0.205629518655987,0.303492916636452,0.181501802491208,0.364913618090025,0.982377478766454
D,PID_Grandiosity,27,-0.205622538900995,0.303509690808641,-0.0749447187954666,0.710250014861945,0.982377478766454
allocSelf,PID_Grandiosity,27,-0.205622538900995,0.303509690808641,-0.0749447187954666,0.710250014861945,0.982377478766454
wOS11,SAPAS_total,27,0.205107407734309,0.304749281246801,0.197512970658392,0.323389201103923,0.982377478766454
D,item_LPFS12,27,-0.204979464478486,0.305057646785022,-0.19361183405929,0.333229342892425,0.982377478766454
allocSelf,item_LPFS12,27,-0.204979464478486,0.305057646785022,-0.19361183405929,0.333229342892425,0.982377478766454
meanBC,item_SAPAS02,27,0.204954021205307,0.305118992659074,0.181820263058351,0.364058502929727,0.982377478766454
wOS11,MentS_Self,27,-0.204442865754091,0.306353058562819,-0.163217308302831,0.415961667227917,0.982377478766454
magSelf,item_LPFS07,27,-0.204280179621414,0.306746476613658,-0.173451649236383,0.386918531225564,0.982377478766454
magSelf,item_PID18,27,-0.20420822955668,0.30692057100512,-0.248827757513188,0.210728699856936,0.982377478766454
meanKL,item_PID30,27,-0.203939490770339,0.307571369338914,-0.133588516138059,0.506506260040689,0.982377478766454
E0diff,item_LPFS03,27,0.20391932895137,0.307620229278593,0.19042514910369,0.341400382381193,0.982377478766454
asymKL,item_LPFS02,27,0.203876019713976,0.307725200728729,0.158022919316043,0.431151644150763,0.982377478766454
E0s,PID_Disinhibition,27,0.203441485876451,0.308779640181552,0.296067118711529,0.133752980632611,0.982377478766454
meanCarry,item_PID18,27,-0.203367447682065,0.308959524450122,-0.259162456707026,0.191769549714516,0.982377478766454
E0s,item_SAPAS06,27,0.202626457434889,0.310763425041451,0.312409616773236,0.112621633022441,0.982377478766454
meanH,item_MentS06,27,-0.202506766533886,0.311055416616788,-0.246161477293189,0.21581943594738,0.982377478766454
eta,item_PID19,27,-0.202471882842433,0.311140548974692,-0.0987993496205791,0.62393106524253,0.982377478766454
sig,item_MentS05,27,0.202165103012343,0.311889854887842,0.183638872593357,0.359197827494835,0.982377478766454
eta,PID_Anankastia,27,-0.201953135009413,0.312408235596607,-0.12983017573081,0.518644646424973,0.982377478766454
meanH,item_SAPAS06,27,0.20157992920136,0.313322226977181,0.187445770063942,0.349147687643885,0.982377478766454
BIC,MentS_Other,27,0.20152049081289,0.313467945564288,0.275885900411685,0.163644629179586,0.982377478766454
E0s,item_PID23,27,0.201014840177936,0.314709286092514,0.279964367231569,0.157253482886082,0.982377478766454
wEx,PID_Anankastia,27,0.200951991655447,0.314863786842917,0.063992124530826,0.75116474160403,0.982377478766454
eta,PID_Rigidity,27,-0.200938753470611,0.314896336284588,-0.116100358809413,0.564152346819162,0.982377478766454
allocTrust,item_PID23,27,0.200746194252696,0.315370026684725,0.123414244009085,0.539686876130904,0.982377478766454
E0s,item_PID28,27,0.200442145810995,0.316118871417289,0.324995552730952,0.0981133511172777,0.982377478766454
absAsym,item_MentS07,27,0.200301696812707,0.316465154564528,0.178947407147556,0.371815067585376,0.982377478766454
sllOther,PID_Distractible,27,-0.20008764814549,0.316993350015408,-0.119971150002019,0.551141957309742,0.982377478766454
wOS11,item_SAPAS04,27,0.200056475431383,0.317070318348992,0.171378614099395,0.392705548528138,0.982377478766454
magTrust,item_LPFS06,27,0.199735027016214,0.31786467515334,0.153299195289415,0.445223202022141,0.982377478766454
meanBC,item_PID23,27,-0.199515876698002,0.318406935942586,-0.0791203646523999,0.69484860365671,0.982377478766454
meanH,item_PID18,27,0.199274975142887,0.319003673143562,0.114476667993288,0.569650832638599,0.982377478766454
sllSelf,item_LPFS08,27,-0.198965206730553,0.319772009360495,-0.132874860549628,0.508800330609939,0.982377478766454
sllSelf,item_LPFS12,27,-0.198959321615195,0.319786617533132,-0.139359831520785,0.488143584547118,0.982377478766454
wEx,item_PID24,27,0.198937428775019,0.319840964055453,0.188886903691963,0.345387307360432,0.982377478766454
wOS21,MentS_Self,27,0.198936900158424,0.319842276356999,0.0914262366057213,0.650161994188253,0.982377478766454
wOS12,item_PID28,27,-0.19845227814824,0.321046750638089,-0.201126913772593,0.314433891249859,0.982377478766454
meanBC,item_LPFS04,27,0.198109201147688,0.321901109203125,0.212208714202792,0.287938675034995,0.982377478766454
BIC,item_PID01,27,0.197615531859119,0.323132926289648,0.140524262223614,0.48448003376221,0.982377478766454
endH,item_MentS04,27,-0.197573113135624,0.323238905009138,-0.243921604288274,0.220159755982018,0.982377478766454
absAsym,item_SAPAS03,27,0.197568232381577,0.323251100423679,0.229100385633706,0.250358208133296,0.982377478766454
endH,item_MentS11,27,0.197175128281813,0.324234263694932,0.239695826873838,0.22850737166767,0.982377478766454
wEx,item_MentS04,27,0.19715761634292,0.324278103968037,0.117288591758166,0.560143766783277,0.982377478766454
wOS21,item_PID02,27,-0.196699641271252,0.32542590784683,-0.0973242491469083,0.629144574424956,0.982377478766454
E0s,PID_IntimacyAvoid,27,0.196574746537076,0.32573935614496,0.183116973380959,0.360588796816713,0.982377478766454
meanSwing,item_PID10,27,0.196554090563622,0.325791214187348,0.242006077272109,0.223917878510384,0.982377478766454
endH,PID_Impulsivity,27,0.196479557598934,0.325978375481483,0.173198226985611,0.38762334453614,0.982377478766454
meanCarry,item_MentS10,27,0.196195762077706,0.326691620611779,0.193703660726553,0.332995659233462,0.982377478766454
meanSwing,item_LPFS03,27,-0.1957886544538,0.327716438013364,-0.222706124722295,0.264185989429253,0.982377478766454
endH,PID_Irresponsible,27,0.195777005489287,0.327745790886849,0.174905372223571,0.38288966208749,0.982377478766454
sllSelf,MentS_Self,27,0.195663597086326,0.328031639223448,0.134991758746703,0.502010423415561,0.982377478766454
absAsym,PID_Anxiousness,27,-0.195552567322422,0.328311639144,-0.273128698719586,0.168068027533906,0.982377478766454
wOS22,PID_IntimacyAvoid,27,0.195436408998195,0.328604728156229,0.125668511143795,0.532248134757419,0.982377478766454
asymKL,item_PID23,27,-0.195270444196951,0.329023764296332,-0.121385516710306,0.546422844664658,0.982377478766454
E0s,item_PID21,27,0.195219044901708,0.32915360566376,0.297577732862446,0.131687141873167,0.982377478766454
meanH,item_PID24,27,0.195213324007706,0.329168059319956,0.222639889918706,0.264331758831616,0.982377478766454
wOS21,item_LPFS05,27,-0.195182024287233,0.329247143897775,-0.158946243767042,0.428429730729843,0.982377478766454
endH,PID_Rigidity,27,-0.195176250467256,0.32926173379232,-0.0629007334789542,0.755280055683533,0.982377478766454
pTrialsSplit,item_PID06,27,0.195071303351841,0.329526993695837,0.231937143644377,0.244378453644408,0.982377478766454
D,item_MentS01,27,-0.194977389232491,0.329764477174507,-0.238283315837375,0.23134418230416,0.982377478766454
allocSelf,item_MentS01,27,-0.194977389232491,0.329764477174507,-0.238283315837375,0.23134418230416,0.982377478766454
allocTrust,item_SAPAS02,27,0.194829500821856,0.330138657892962,0.114833850352643,0.568439209595249,0.982377478766454
sllSelf,item_PID29,27,-0.194765613094966,0.330300383550593,-0.142944990934522,0.476908902679009,0.982377478766454
sig,item_PID25,27,0.19442216124321,0.331170623548344,0.18873494919264,0.345782658469985,0.982377478766454
magTrust,PID_Grandiosity,27,0.194105945862484,0.331973080804249,0.106415011969321,0.597299530870605,0.982377478766454
magSelf,item_PID16,27,-0.193796926873498,0.332758413991362,-0.236189384156889,0.235592547628018,0.982377478766454
meanH,PID_Irresponsible,27,0.193690813745003,0.333028346698995,0.169396541602356,0.398284391152561,0.982377478766454
magTrust,item_PID05,27,0.193409000614922,0.333745872313703,0.116560694665377,0.562597836783301,0.982377478766454
sig,PID_Manipulative,27,0.193234323854927,0.334191086989849,0.0594973197888355,0.768154777805893,0.982377478766454
allocTrust,PID_Manipulative,27,0.193059487036513,0.334637069300778,0.0627844645285502,0.755718858272938,0.982377478766454
wOS21,PID_Grandiosity,27,-0.193016424930714,0.33474696944946,-0.220616488229079,0.268809935298801,0.982377478766454
meanH,LPFS_total,27,0.192681346747787,0.335602878537098,0.24950358082645,0.209451410224736,0.982377478766454
sig,item_MentS04,27,-0.192670006378292,0.335631868995189,-0.219432777437668,0.271452240753393,0.982377478766454
magSelf,PID_Impulsivity,27,-0.1926294656001,0.335735519590238,-0.277052051061569,0.161798769265304,0.982377478766454
magSelf,item_LPFS02,27,-0.192485459294641,0.3361038567946,-0.168987774942054,0.399440472108909,0.982377478766454
sig,item_PID04,27,0.192390840939184,0.336346003028783,0.183420310296087,0.359779955609211,0.982377478766454
magSelf,item_LPFS12,27,-0.19235707023619,0.336432454132921,-0.25532348694684,0.198669485012284,0.982377478766454
wEx,PID_Detachment,27,0.191773587807461,0.337928254053992,0.231191907400863,0.245940179932983,0.982377478766454
E0s,item_PID22,27,0.191750626234585,0.337987199585147,0.175884158032305,0.380190686477137,0.982377478766454
sig,item_PID03,27,0.191731398112079,0.33803656560101,0.220629518297192,0.268780941841866,0.982377478766454
wOS11,LPFS_total,27,0.191465194979861,0.338720458366038,0.168070510274504,0.402041580636887,0.982377478766454
BIC,item_PID05,27,0.191355282905513,0.339003072375579,0.205226522231348,0.304462369145436,0.982377478766454
endH,item_SAPAS04,27,0.19111829855542,0.339612906910423,0.171378614099395,0.392705548528138,0.982377478766454
eta,item_PID20,27,-0.191020931184156,0.33986365469573,-0.137927804915858,0.492668198480936,0.982377478766454
wOS21,PID_Manipulative,27,-0.190969478759349,0.33999620382324,-0.0289268737094891,0.886111945769277,0.982377478766454
E0s,SAPAS_total,27,0.190948930700403,0.340049147378841,0.322470156176966,0.100905679627523,0.982377478766454
wOS22,MentS_Motiv,27,0.190384517382545,0.341505337412254,0.183588848961203,0.359331013516103,0.982377478766454
sig,item_MentS07,27,-0.190315761446886,0.341682983708646,-0.230263207726635,0.247895544721715,0.982377478766454
meanH,item_PID22,27,-0.190279277060032,0.341777271792412,-0.234728950276015,0.238586086021849,0.982377478766454
E0o,PID_Grandiosity,27,-0.189835315492684,0.342925871169172,-0.181359730764787,0.365295481820425,0.982377478766454
sllOther,item_PID23,27,-0.189544453867157,0.343679630209127,-0.146406486728586,0.466189221412895,0.982377478766454
asymKL,item_PID20,27,0.189367284526115,0.344139245355657,0.182273387583841,0.362843823326501,0.982377478766454
meanH,item_PID04,27,0.189221559365711,0.344517563406118,0.367160725845745,0.0595714309491388,0.982377478766454
wOS11,item_LPFS04,27,0.188976908589423,0.345153262634823,0.211550702685884,0.289471173453594,0.982377478766454
absAsym,item_SAPAS05,27,-0.188840152462846,0.345508914631944,-0.108507789330393,0.590067181875353,0.982377478766454
eta,item_PID05,27,-0.188300216718271,0.346915227498259,-0.148440542778985,0.459949188796603,0.982377478766454
meanCarry,item_MentS02,27,0.188102201674191,0.347431831714053,0.18885892851073,0.345460072112479,0.982377478766454
E0s,item_MentS05,27,0.187944099892124,0.347844635215941,0.21537892464653,0.280627415320337,0.982377478766454
magSelf,item_MentS04,27,0.187372044623737,0.3493407145232,0.278721516128609,0.159181973697889,0.982377478766454
absAsym,PID_Anhedonia,27,-0.187363702720941,0.349362559175762,-0.229005290640969,0.250560310015936,0.982377478766454
absAsym,PID_Detachment,27,-0.187181951947041,0.349838705669539,-0.221033008673528,0.267884124881596,0.982377478766454
sig,item_SAPAS08,27,-0.187162298271692,0.349890217059589,-0.190335253578998,0.341632615802236,0.982377478766454
meanCarry,PID_Manipulative,27,-0.18709008313063,0.350079528448273,-0.204789117284224,0.305516776107347,0.982377478766454
allocTrust,item_MentS02,27,-0.186940193841664,0.350472656571627,-0.14829862171648,0.460383141948145,0.982377478766454
E0o,item_SAPAS03,27,0.186868791778763,0.350660021538124,0.1770321161715,0.377039247038,0.982377478766454
magTrust,LPFS_Self,27,0.186776036108225,0.350903509136299,0.0570032105990249,0.777628182532967,0.982377478766454
meanCarry,item_MentS08,27,0.186613681868035,0.351329937969403,0.206580062136468,0.30121391408614,0.982377478766454
wOS22,item_SAPAS02,27,0.18655104991386,0.351494525216005,0.0861253877644822,0.669277529545868,0.982377478766454
E0diff,item_LPFS08,27,0.186396966418596,0.351899628258937,0.222760795627317,0.264065709022937,0.982377478766454
E0o,item_MentS07,27,0.186370530758834,0.351969158490075,0.0756579111101799,0.707611408903064,0.982377478766454
eta,item_LPFS02,27,-0.186293306862337,0.35217231707616,-0.264446518039093,0.182545474912864,0.982377478766454
meanBC,item_PID15,27,-0.186110282943327,0.35265408970824,-0.0964860883131702,0.632114690749099,0.982377478766454
meanCarry,MentS_Motiv,27,0.185987256709657,0.352978150667882,0.29988246105656,0.128580166786802,0.982377478766454
wOS12,item_MentS08,27,-0.185709441120283,0.353710589201609,-0.27853132216852,0.159478566041803,0.982377478766454
wEx,item_LPFS08,27,0.185420714328351,0.354472748739716,0.23090263757276,0.24654814230269,0.982377478766454
sllOther,PID_SepInsecurity,27,-0.184880445739932,0.355901521775981,-0.121664573474089,0.545493981038222,0.982377478766454
meanCarry,item_LPFS12,27,-0.184862207509568,0.355949813267201,-0.234639910979035,0.238769406078855,0.982377478766454
E0diff,item_SAPAS08,27,0.184852950555895,0.355974325467344,0.275986117689546,0.163485416340487,0.982377478766454
meanH,item_PID23,27,0.184814914427676,0.3560750547431,0.150125820109682,0.454812564139758,0.982377478766454
absAsym,PID_Perfectionism,27,-0.184801841683619,0.356109678565609,-0.279606031751697,0.157807786964253,0.982377478766454
sig,item_SAPAS07,27,-0.184796616773938,0.35612351755981,-0.184463241861668,0.357007171151108,0.982377478766454
wOS21,item_PID07,27,-0.184762296693343,0.356214427594933,-0.0432796357785838,0.830276997715104,0.982377478766454
BIC,item_MentS09,27,-0.184655571976034,0.356497217092917,-0.120314508593287,0.549994595630279,0.982377478766454
E0diff,PID_Impulsivity,27,0.184625069941232,0.3565780630144,0.234729176046288,0.238585621309429,0.982377478766454
E0diff,item_LPFS01,27,0.184554097635091,0.356766217720217,0.172368458355366,0.389936215343346,0.982377478766454
magSelf,item_LPFS01,27,-0.184511949968112,0.356877983191911,-0.288486904537512,0.144475392572588,0.982377478766454
wEx,PID_Anhedonia,27,0.184381747805898,0.357223378720823,0.165744160629652,0.408681054532743,0.982377478766454
wOS12,item_PID30,27,0.184310816638483,0.357411625423258,0,1,0.982377478766454
E0o,PID_Rigidity,27,-0.1837028558398,0.359027516972677,-0.259739347201652,0.190747162579101,0.982377478766454
meanH,item_PID16,27,0.183646772709064,0.359176796399154,0.104579768189358,0.603672815177247,0.982377478766454
absAsym,item_PID01,27,-0.183362737714027,0.359933389347939,-0.228311730386192,0.252037540256193,0.982377478766454
E0o,item_PID05,27,-0.183328594631579,0.360024400540293,-0.217513547025134,0.275771745129131,0.982377478766454
sllOther,item_LPFS07,27,-0.182557831960223,0.36208253846626,-0.210499574315999,0.291929908618175,0.982377478766454
BIC,MentS_Self,27,-0.182529362627923,0.362158691254215,-0.113208997676212,0.573960292116987,0.982377478766454
meanKL,item_PID23,27,-0.182451846363556,0.362366087696472,-0.113270607515188,0.573750514138866,0.982377478766454
wOS21,item_PID12,27,-0.182347341904817,0.362645802115826,-0.101426314355886,0.614690233473952,0.982377478766454
magSelf,item_PID08,27,-0.182301328563903,0.362769000669288,-0.28839833603075,0.144604220557167,0.982377478766454
magSelf,PID_Distractible,27,-0.18197870959869,0.363633488239728,-0.220208142170807,0.269719575175911,0.982377478766454
E0diff,item_PID07,27,0.181977344093123,0.363637149807159,0.195239245845611,0.329102571711166,0.982377478766454
wOS12,item_PID16,27,-0.181955805659771,0.363694907415449,-0.214308078812654,0.283083683188235,0.982377478766454
BIC,item_PID25,27,0.181834341561948,0.364020727162503,0.192898220130713,0.335048755796296,0.982377478766454
asymKL,PID_Detachment,27,-0.181797003952188,0.364120917341624,-0.191172003323483,0.339474649999897,0.982377478766454
asymKL,item_MentS10,27,0.181590552821559,0.364675191666629,0.20372839108135,0.308083185110764,0.982377478766454
meanBC,item_PID27,27,0.181437956621475,0.365085195559382,0.216833316205529,0.277313203601429,0.982377478766454
magTrust,PID_Orderliness,27,0.181091841477955,0.366016157697461,0.0903141980721929,0.654154778425101,0.982377478766454
sig,item_MentS01,27,0.181069661858334,0.366075862612687,0.127816161987061,0.52520685849033,0.982377478766454
BIC,item_PID30,27,0.181016079651812,0.366220123107981,0.255986371238376,0.197466059383511,0.982377478766454
meanBC,item_PID01,27,0.180832917800467,0.366713504863648,0.179112160317055,0.371367661284118,0.982377478766454
wOS21,item_SAPAS02,27,-0.180555122253414,0.367462542539958,-0.143542312940804,0.475050104677459,0.982377478766454
wOS12,PID_Irresponsible,27,-0.180376638837721,0.367944270263132,-0.141508086582456,0.481395648187546,0.982377478766454
BIC,item_PID11,27,0.180226144370471,0.368350742280449,0.148924463296798,0.458471117913365,0.982377478766454
wOS12,item_LPFS07,27,-0.180181376064216,0.368471708044852,-0.0828526324507772,0.681181675719947,0.982377478766454
meanCarry,PID_Antagonism,27,-0.179863091364323,0.369332394752299,-0.186985066819705,0.350354936630466,0.982377478766454
meanCarry,PID_Withdrawal,27,0.179724947639461,0.369706319611658,0.101192979015725,0.615508742168851,0.982377478766454
BIC,item_LPFS12,27,0.179525835294372,0.370245661516412,0.0983317546010406,0.625581808537758,0.982377478766454
E0diff,SAPAS_total,27,0.179457748916769,0.370430194419261,0.257355990025848,0.194995481277478,0.982377478766454
meanH,item_LPFS08,27,0.179407699752194,0.370565875666288,0.211687890581515,0.289151240485927,0.982377478766454
endH,item_PID22,27,-0.17938529061875,0.37062663529955,-0.183686782418211,0.359070296704578,0.982377478766454
wEx,item_MentS02,27,-0.179267869096263,0.370945104333522,-0.233221764066942,0.241701756538314,0.982377478766454
pTrialsSplit,item_MentS06,27,0.178676710982701,0.372550855078107,0.0369684921913368,0.854745824784326,0.982377478766454
wEx,item_MentS06,27,-0.178515652631599,0.372989034132362,-0.157646720366242,0.432263351642255,0.982377478766454
eta,item_PID10,27,-0.17842794471904,0.373227780219428,-0.122340088786729,0.543248521430735,0.982377478766454
E0o,PID_IntimacyAvoid,27,-0.178134647202883,0.374026798007319,-0.236322083293787,0.235321788182215,0.982377478766454
absAsym,PID_Disinhibition,27,-0.177882180290316,0.374715377413415,-0.246619583227349,0.214938914706029,0.982377478766454
endH,PID_Deceitful,27,-0.17752802159542,0.375682549869878,-0.112155410517049,0.577552961425003,0.982377478766454
sllSelf,item_LPFS01,27,-0.177467813865075,0.375847114994167,-0.19539477912803,0.328709806786727,0.982377478766454
wOS21,item_MentS02,27,0.177319578573646,0.376252462859264,-0.0158438698415042,0.937481037595522,0.982377478766454
eta,item_MentS05,27,0.177217414584954,0.376531976552904,0.125340817801815,0.533326438281403,0.982377478766454
sllSelf,PID_Anhedonia,27,-0.177207946754742,0.376557885975445,-0.212557396838027,0.287128684308141,0.982377478766454
sllSelf,PID_Anxiousness,27,-0.177082833330748,0.376900365120685,-0.12378092852931,0.538473554376214,0.982377478766454
sig,item_PID02,27,0.176877743311328,0.377462157961477,0.10340701471859,0.607760411061118,0.982377478766454
E0diff,PID_Deceitful,27,0.176580583045461,0.378277013004623,0.234591733664828,0.238868635629548,0.982377478766454
wEx,item_PID13,27,0.176548412178484,0.37836529096793,0.181895815618684,0.363855805499124,0.982377478766454
asymKL,item_PID17,27,0.176445417187391,0.378647992815528,0.21512449365885,0.281209785864105,0.982377478766454
meanH,item_MentS04,27,-0.176436125181332,0.37867350362115,-0.131788555024972,0.512302079527607,0.982377478766454
allocTrust,item_PID02,27,0.17623042156934,0.37923850834951,0.112531163076113,0.576270528083137,0.982377478766454
wOS12,item_SAPAS08,27,-0.176171248936189,0.379401127514118,-0.199852016257947,0.317575432176706,0.982377478766454
sllSelf,PID_NegAffect,27,-0.175871313017924,0.380226035038158,-0.0932526568944978,0.643624666451434,0.982377478766454
meanKL,PID_Impulsivity,27,-0.175754079855891,0.380548739898339,-0.0647865548310837,0.748173344074974,0.982377478766454
wOS22,LPFS_Interpers,27,0.175707512621131,0.380676968190651,0.112398477773641,0.576723235395057,0.982377478766454
wOS22,item_MentS02,27,-0.175668814317774,0.380783547412063,-0.145129847748179,0.470128074565299,0.982377478766454
allocTrust,item_PID22,27,0.175459273146562,0.381360944582622,0.112812944246229,0.575309644813917,0.982377478766454
meanKL,item_PID19,27,0.175360587116662,0.381633051571435,0.206402601682596,0.301638575204143,0.982377478766454
meanBC,item_LPFS03,27,-0.175356479578833,0.381644379708363,-0.232488238546115,0.243227783955045,0.982377478766454
wOS12,item_SAPAS02,27,-0.175294684554644,0.381814826946063,-0.153111800470191,0.445786450840305,0.982377478766454
BIC,LPFS_Self,27,0.175096684348293,0.38236125968119,0.223109340409087,0.263299715637101,0.982377478766454
wOS22,PID_Manipulative,27,0.175012689814955,0.382593200155179,0.0575250329450067,0.775643521046134,0.982377478766454
wEx,item_PID27,27,-0.174931478901722,0.382817530941903,-0.087018633477219,0.666041842814701,0.982377478766454
wOS21,item_PID22,27,-0.174890205331994,0.382931570864711,0.0227576544588935,0.910291393398855,0.982377478766454
sllSelf,item_LPFS05,27,-0.174871586276951,0.382983022180438,-0.173867727875785,0.385762933600738,0.982377478766454
meanCarry,item_PID29,27,-0.174726352907019,0.38338449195264,-0.161193287649567,0.421844923350741,0.982377478766454
sllSelf,item_PID06,27,-0.174597374612529,0.383741230385414,-0.14202840487422,0.47976846476247,0.982377478766454
sllOther,PID_Irresponsible,27,-0.174491780866304,0.384033431895743,-0.0977817435265633,0.627525760801035,0.982377478766454
wOS12,PID_Disinhibition,27,-0.174079425355817,0.385175735053545,-0.172757327097855,0.388851316127362,0.982377478766454
sllOther,item_MentS09,27,0.173897123795593,0.385681365632781,0.108283057733958,0.590842005843472,0.982377478766454
E0s,PID_Detachment,27,0.17386297706658,0.385776117101717,0.206872119538455,0.300515837558244,0.982377478766454
D,item_SAPAS03,27,0.173779690133867,0.386007280384733,0.1770321161715,0.377039247038,0.982377478766454
allocSelf,item_SAPAS03,27,0.173779690133867,0.386007280384733,0.1770321161715,0.377039247038,0.982377478766454
magSelf,item_PID27,27,-0.173525171972144,0.386714188543847,-0.168331127054292,0.401301575762167,0.982377478766454
E0diff,PID_Detachment,27,0.173480378254147,0.386838676941104,0.148073645086305,0.461071494949205,0.982377478766454
eta,item_MentS03,27,0.173303241162518,0.387331191965003,0.142746991058087,0.477525879346579,0.982377478766454
endH,item_SAPAS01,27,-0.173193318845804,0.387637002210295,-0.228754505435839,0.251093807085984,0.982377478766454
wOS11,item_SAPAS07,27,0.173005521067269,0.388159785940756,0.130209347196471,0.517413665604836,0.982377478766454
E0diff,PID_Orderliness,27,0.172871209370973,0.388533924423909,0.371900965632994,0.0561112099495058,0.982377478766454
sllOther,item_SAPAS08,27,-0.172616186942677,0.389244881453959,-0.142751440184248,0.47751201116681,0.982377478766454
D,item_PID21,27,-0.172584754714502,0.389332560291302,-0.180581359258408,0.367391759820119,0.982377478766454
allocSelf,item_PID21,27,-0.172584754714502,0.389332560291302,-0.180581359258408,0.367391759820119,0.982377478766454
pTrialsSplit,item_PID12,27,-0.172547606316132,0.389436198676018,-0.0627440015474239,0.755871584163644,0.982377478766454
asymKL,item_PID14,27,-0.172480770417786,0.389622700329623,-0.170018466368447,0.396529086360478,0.982377478766454
meanCarry,MentS_Other,27,0.172174620106317,0.390477646206867,0.279288080797928,0.158300782436581,0.982377478766454
meanSwing,item_LPFS05,27,-0.172165676251012,0.390502638612015,-0.188464831895207,0.346486110142168,0.982377478766454
pTrialsSplit,item_PID19,27,-0.171857081655758,0.391365523451302,-0.0532108667951356,0.792091915720046,0.982377478766454
pTrialsSplit,item_SAPAS02,27,0.17182225495513,0.391462973202588,0.275003653878094,0.165050967234722,0.982377478766454
wOS12,item_LPFS10,27,-0.171555674372669,0.392209358934576,-0.147307567213576,0.463419479506762,0.982377478766454
absAsym,item_PID14,27,-0.171493361898928,0.392383941253133,-0.115612557130544,0.565801721276532,0.982377478766454
sllOther,PID_Impulsivity,27,-0.171396386636739,0.392655727065983,-0.116550686580543,0.562631612476787,0.982377478766454
magTrust,item_LPFS07,27,0.171297712908579,0.392932382946317,0.099018999758246,0.623156248560844,0.982377478766454
allocTrust,item_PID05,27,0.170987089016794,0.393804016306218,0.0630955327248481,0.754545043478998,0.982377478766454
allocTrust,item_SAPAS03,27,0.170769969330834,0.394413921760836,0.135377500601736,0.500778031403265,0.982377478766454
meanCarry,item_SAPAS06,27,-0.170652863190062,0.394743104197893,-0.156204808386618,0.436538750903283,0.982377478766454
absAsym,item_PID26,27,-0.170625497811751,0.394820050063694,-0.226908981979715,0.255042672048645,0.982377478766454
meanKL,PID_Distractible,27,-0.170509409004885,0.395146562761756,-0.188257600917006,0.34702636968995,0.982377478766454
BIC,PID_Rigidity,27,0.170215505475365,0.395973883705575,0.100453410182807,0.618106013792534,0.982377478766454
pTrialsSplit,PID_Impulsivity,27,-0.170119231210008,0.396245103350924,-0.0649894957434249,0.747409745989184,0.982377478766454
wOS12,item_PID07,27,-0.170069154811193,0.396386217994026,-0.141380143543374,0.481796193817004,0.982377478766454
endH,item_PID14,27,-0.169994834962629,0.396595702839993,-0.0931701195699092,0.643919540133524,0.982377478766454
meanSwing,PID_Anhedonia,27,-0.169738202924682,0.397319551746914,-0.151510406377105,0.450615234251422,0.982377478766454
E0s,item_LPFS12,27,0.169504975007567,0.397978035696705,0.333649815611807,0.088982545671135,0.982377478766454
meanCarry,item_LPFS07,27,0.169413732224006,0.398235813827447,0.115858965703526,0.564968283189302,0.982377478766454
meanBC,item_SAPAS05,27,0.169298125414232,0.398562560477771,0.0868062314643143,0.666810720447677,0.982377478766454
E0o,PID_Perfectionism,27,-0.169284348818064,0.398601508221386,-0.260355503606264,0.189659352027177,0.982377478766454
magTrust,LPFS_total,27,0.169254698803425,0.398685338919838,0.123680302642805,0.538806387304693,0.982377478766454
BIC,item_SAPAS02,27,0.169217048471127,0.398791803599969,0.143542312940804,0.475050104677459,0.982377478766454
asymKL,item_PID21,27,0.169081618158985,0.399174895687654,0.174222860692971,0.384778171035798,0.982377478766454
pTrialsSplit,item_PID01,27,0.168953022788511,0.399538846053289,0.25940848357764,0.191333070084464,0.982377478766454
E0s,item_PID26,27,0.168925299899834,0.399617331857188,0.168705562810197,0.400239733649686,0.982377478766454
eta,LPFS_Interpers,27,-0.168829150238992,0.39988960697338,-0.0677470276991807,0.737057410214978,0.982377478766454
wOS11,item_PID09,27,0.168807253042541,0.399951629746567,0.144234998585021,0.47289922851356,0.982377478766454
E0s,item_MentS11,27,0.168603927373567,0.400527799248112,0.179120522799743,0.371344960356899,0.982377478766454
sllSelf,LPFS_Self,27,-0.168526555979756,0.400747171560907,-0.2044147390836,0.306421053835907,0.982377478766454
BIC,item_MentS11,27,-0.168464167403224,0.400924112181484,-0.154694996963414,0.441039871910287,0.982377478766454
meanCarry,PID_Irresponsible,27,-0.168428133363279,0.401026328599554,-0.282671871251086,0.153109984436709,0.982377478766454
sllSelf,PID_Perfectionism,27,-0.168361999315287,0.401213966798834,-0.12433947687378,0.5366278463262,0.982377478766454
magSelf,item_PID03,27,-0.168127096655076,0.401880841932056,-0.2585674822114,0.192827941202337,0.982377478766454
endH,item_MentS08,27,0.168067758034251,0.402049399545788,0.119598983342166,0.552386829729042,0.982377478766454
BIC,item_MentS01,27,0.167781276369669,0.40286374064819,0.214561202670801,0.282501846939875,0.982377478766454
E0diff,PID_Anankastia,27,0.167714190264829,0.403054570836262,0.306731481525161,0.119662831606263,0.982377478766454
meanSwing,item_PID09,27,-0.167567253398307,0.403472718534278,-0.181542896602393,0.364803208021815,0.982377478766454
D,PID_EmotLability,27,-0.167495638037865,0.40367660731694,-0.183055146808664,0.360753787284748,0.982377478766454
allocSelf,PID_EmotLability,27,-0.167495638037865,0.40367660731694,-0.183055146808664,0.360753787284748,0.982377478766454
meanKL,item_PID28,27,-0.167411330249945,0.403916705593536,-0.198892170286231,0.319953331153972,0.982377478766454
meanKL,LPFS_Self,27,-0.167096629257205,0.404813643871717,-0.149863279478082,0.455610771910017,0.982377478766454
meanCarry,item_LPFS02,27,-0.16708675681734,0.404841799663533,-0.135448216556608,0.50055226705479,0.982377478766454
wOS12,item_PID18,27,-0.16695912634414,0.405205895442459,-0.147468207727464,0.462926608144945,0.982377478766454
wOS21,item_PID23,27,-0.166923121582722,0.405308640652957,-0.00540993946341196,0.978634554161641,0.982377478766454
meanCarry,item_MentS04,27,0.16686903754782,0.405463005351252,0.227810533991823,0.253108589706671,0.982377478766454
endH,LPFS_total,27,0.166823575193944,0.405592787859295,0.240931678663087,0.226044499717544,0.982377478766454
magSelf,item_PID23,27,-0.166259915694133,0.407203814158059,-0.280978730880959,0.155691888557013,0.982377478766454
meanH,PID_Anhedonia,27,0.166146474012605,0.407528480408962,0.185671416583217,0.353810907932179,0.982377478766454
sllOther,item_PID03,27,-0.165604807391032,0.409080707205517,-0.132230379079619,0.510876420639667,0.982377478766454
E0diff,PID_Anhedonia,27,0.165351785969185,0.40980690773489,0.0844536085651089,0.675348844459884,0.982377478766454
magTrust,item_MentS09,27,0.165218465507701,0.410189841947891,0.116198485930885,0.563820818214511,0.982377478766454
E0s,PID_Irresponsible,27,0.165000704644038,0.410815741983602,0.283704776992564,0.151549974822296,0.982377478766454
sig,PID_Deceitful,27,0.164673776971721,0.41175641387128,0.203437452965648,0.308789436926224,0.982377478766454
wOS11,PID_NegAffect,27,0.164656679346311,0.41180564199374,0.166873175495417,0.405451193806148,0.982377478766454
sllSelf,item_MentS01,27,-0.164549780066819,0.412113504674634,-0.21208277293698,0.28823159210761,0.982377478766454
D,item_PID07,27,-0.164102979499427,0.413401645678246,-0.157730228170839,0.432016442852559,0.982377478766454
allocSelf,item_PID07,27,-0.164102979499427,0.413401645678246,-0.157730228170839,0.432016442852559,0.982377478766454
allocTrust,LPFS_Interpers,27,0.164083819243573,0.413456935318722,0.0828361384139982,0.681241862295433,0.982377478766454
E0o,item_SAPAS07,27,0.164061242942234,0.413522087716607,0.249567915459904,0.20933009421949,0.982377478766454
sllSelf,item_MentS04,27,0.16404854297469,0.413558740750374,0.130821890807185,0.515428045160049,0.982377478766454
absAsym,MentS_Motiv,27,-0.163952850266261,0.413834974929241,-0.1302488455468,0.517285515826786,0.982377478766454
meanSwing,MentS_Motiv,27,0.163155526490259,0.41614057385026,0.129318496650037,0.520308061620257,0.982377478766454
meanCarry,SAPAS_total,27,-0.162877249014023,0.416946932768017,-0.107593407878276,0.593222500692272,0.982377478766454
sllOther,item_PID12,27,-0.162866370620287,0.416978472417331,-0.179580152472579,0.37009848538518,0.982377478766454
sllSelf,item_PID21,27,-0.162854286867082,0.417013508304569,-0.141794518009243,0.480499546992563,0.982377478766454
wEx,item_PID07,27,0.162801091209381,0.417167764279097,0.110603513656381,0.582862852208526,0.982377478766454
D,item_PID13,27,0.162775010098099,0.417243405428705,0.172305526570247,0.390111950028515,0.982377478766454
allocSelf,item_PID13,27,0.162775010098099,0.417243405428705,0.172305526570247,0.390111950028515,0.982377478766454
eta,item_MentS04,27,0.162736749676982,0.417354383073534,0.000322221405929028,0.998727310408066,0.982377478766454
sllSelf,item_PID11,27,-0.162678109686646,0.41752450509927,-0.173799048272619,0.385953544697566,0.982377478766454
sllOther,item_PID19,27,-0.162344580167873,0.418492845511704,-0.163361300857789,0.415544861718729,0.982377478766454
eta,PID_Manipulative,27,-0.161916880149355,0.419736405843523,-0.25771214759363,0.194356529889959,0.982377478766454
D,item_PID16,27,-0.161753221591644,0.420212790365567,-0.160248383256309,0.42460708778532,0.982377478766454
allocSelf,item_PID16,27,-0.161753221591644,0.420212790365567,-0.160248383256309,0.42460708778532,0.982377478766454
E0o,item_PID08,27,-0.161573496245816,0.420736286044316,-0.258621709688828,0.192731310264634,0.982377478766454
magSelf,item_MentS06,27,-0.161395778377926,0.421254287574926,-0.141171345901737,0.482450232606044,0.982377478766454
E0diff,LPFS_Self,27,0.161117744525522,0.422065388226254,0.103892948349836,0.606065298402521,0.982377478766454
allocTrust,item_MentS06,27,-0.161091825685727,0.422141044309238,-0.0413499594403257,0.837743214218956,0.982377478766454
meanH,item_LPFS11,27,0.161041966728361,0.422286601637839,0.242578807734981,0.222789742608781,0.982377478766454
E0diff,MentS_total,27,-0.161039668040719,0.422293313050092,-0.121768715864982,0.545147522946904,0.982377478766454
eta,item_MentS10,27,-0.160777291930744,0.423059750438704,-0.281015828332846,0.155634987821606,0.982377478766454
E0s,PID_Anxiousness,27,0.160713314343123,0.423246753778986,0.26315139465677,0.18477717429252,0.982377478766454
meanSwing,item_LPFS10,27,-0.160444552014271,0.424032828724385,-0.158604159791304,0.429437080904297,0.982377478766454
wOS12,item_LPFS05,27,-0.160277058168949,0.424523119021216,-0.139483438407812,0.487754026552562,0.982377478766454
meanH,PID_Deceitful,27,-0.160269764832818,0.424544475238033,-0.119943980691844,0.551232792990887,0.982377478766454
eta,PID_Irresponsible,27,-0.160255007183955,0.424587690124898,-0.108110800941341,0.591436205697982,0.982377478766454
magTrust,item_PID26,27,0.160069672637435,0.425130611455739,0.17967142439286,0.369851254665527,0.982377478766454
wOS22,item_MentS06,27,-0.15993273740756,0.425531995549302,-0.0497491699516419,0.805353607573056,0.982377478766454
wOS12,item_MentS10,27,0.159739266948081,0.426099449261633,0.0821381132296236,0.683790690836978,0.982377478766454
endH,PID_EmotLability,27,0.159738496166574,0.426101710811383,0.197947768921911,0.322303602370723,0.982377478766454
sig,item_LPFS11,27,-0.15954181440318,0.42667900946526,-0.162808957212966,0.417144952570461,0.982377478766454
sllSelf,item_SAPAS04,27,0.159327495704135,0.427308562829158,0.171378614099395,0.392705548528138,0.982377478766454
meanBC,item_PID14,27,0.159326687025597,0.427310939254183,0.0952103411663306,0.636646143344522,0.982377478766454
wOS11,item_LPFS12,27,0.159024826641219,0.428198506565784,0.146480406853964,0.465961681415941,0.982377478766454
wOS12,item_PID23,27,-0.158969267794732,0.428361977209629,-0.224174366515133,0.260968042783319,0.982377478766454
meanKL,item_SAPAS06,27,0.158883551214766,0.428614247702179,0.218686731741265,0.273126126855316,0.982377478766454
sig,PID_EmotLability,27,-0.158836748756648,0.428752025161649,-0.125035973159138,0.534330485844082,0.982377478766454
absAsym,PID_IntimacyAvoid,27,-0.158767097074939,0.428957111100357,-0.119793100233176,0.5517373602228,0.982377478766454
pTrialsSplit,item_MentS05,27,0.158466267844678,0.42984350252485,0.0673129057571169,0.738684276912334,0.982377478766454
endH,item_MentS10,27,-0.158427018039112,0.429959225408179,-0.212782986240521,0.286605409253558,0.982377478766454
meanBC,item_PID12,27,-0.158405555401146,0.430022512350435,-0.174369896598133,0.384370871749976,0.982377478766454
sig,PID_Detachment,27,0.15829760400548,0.43034090591199,0.119751866816159,0.551875288090067,0.982377478766454
meanKL,item_PID13,27,-0.158286129493832,0.430374756567975,-0.15919879820405,0.427686850949369,0.982377478766454
meanCarry,item_MentS05,27,0.158120746799576,0.43086280880173,0.1739225301281,0.385610875961269,0.982377478766454
wOS11,item_PID02,27,0.158115459205498,0.430878417713616,0.112531163076113,0.576270528083137,0.982377478766454
absAsym,item_PID27,27,-0.158029657325826,0.431131746818856,-0.12196874036561,0.544482374553244,0.982377478766454
BIC,PID_Anhedonia,27,0.15801155787464,0.431185195600499,0.17428441318118,0.384607636399056,0.982377478766454
wOS22,item_PID22,27,0.15797133148488,0.431303999492035,0.103709882462672,0.60670366549923,0.982377478766454
wEx,item_MentS03,27,0.157919232844132,0.431457893144202,0.122782376924089,0.541780669037561,0.982377478766454
D,item_SAPAS04,27,-0.157851625128033,0.431657643427568,-0.183619943677923,0.359248221588987,0.982377478766454
allocSelf,item_SAPAS04,27,-0.157851625128033,0.431657643427568,-0.183619943677923,0.359248221588987,0.982377478766454
wEx,item_MentS05,27,-0.157743968508607,0.431975823935521,-0.142182478074927,0.479287174931699,0.982377478766454
magSelf,item_LPFS09,27,-0.157611121747926,0.432368629927718,-0.129043536019071,0.521202994611901,0.982377478766454
meanKL,item_PID10,27,0.157548674407023,0.432553343476659,0.189861121395798,0.342859043881647,0.982377478766454
meanH,item_PID20,27,-0.15745867993288,0.432819614337806,-0.0492366395798925,0.807321669605153,0.982377478766454
pTrialsSplit,item_LPFS03,27,-0.157307960225484,0.433265755127385,-0.121146753332321,0.547218171748774,0.982377478766454
sllOther,item_PID24,27,-0.157270037525331,0.433378048245942,-0.117810903849111,0.558385823399339,0.982377478766454
endH,item_LPFS06,27,0.157100042468603,0.433881615632787,0.172300566134112,0.390125803783998,0.982602354135762
meanCarry,item_MentS09,27,0.15671300847254,0.435029289109134,0.202318344713448,0.311515424526846,0.984284145749716
magSelf,item_PID14,27,-0.156341906142786,0.436131262866288,-0.14893617653876,0.458435372386888,0.984722177010348
sig,item_PID05,27,0.156076886889165,0.436919150440357,0.147112215774251,0.464019219226162,0.984722177010348
wOS22,item_PID26,27,0.155943155158062,0.437317019312282,0.235344260120225,0.237321793006397,0.984722177010348
asymKL,item_LPFS03,27,0.155921180455867,0.437382415557599,0.151622764269206,0.45027553055247,0.984722177010348
pTrialsSplit,PID_NegAffect,27,0.15570886787332,0.438014525283996,0.225419979018935,0.258258064364362,0.984722177010348
meanKL,item_LPFS05,27,-0.155603976313195,0.438326996593375,-0.0859607236699309,0.669874639275234,0.984722177010348
E0diff,item_MentS05,27,0.155385221217769,0.43897905347832,0.208253606838675,0.297227528206718,0.984722177010348
sig,MentS_Self,27,-0.155154268965472,0.439668034299058,-0.220895605221877,0.268189307398474,0.984722177010348
E0o,item_MentS04,27,0.155022216310039,0.440062237690375,0.129533005183469,0.519610402758528,0.984722177010348
D,PID_Orderliness,27,0.154942975072416,0.440298879841864,-0.0029029563666062,0.988534453613587,0.984722177010348
allocSelf,PID_Orderliness,27,0.154942975072416,0.440298879841864,-0.0029029563666062,0.988534453613587,0.984722177010348
E0diff,item_MentS03,27,-0.154614129307324,0.441281660305879,-0.0482478174904957,0.811121867767574,0.984722177010348
meanKL,item_SAPAS07,27,-0.154601109752604,0.44132059448429,-0.15191090506255,0.449404986180836,0.984722177010348
meanKL,item_PID05,27,-0.15458840454185,0.441358590416693,0.0126191065449696,0.950188246411835,0.984722177010348
magSelf,item_PID07,27,-0.154361375607322,0.442037834694325,-0.234671802888321,0.238703734166528,0.984722177010348
D,item_LPFS07,27,-0.154206903452958,0.442500318273529,-0.090599016785606,0.653131243649908,0.984722177010348
allocSelf,item_LPFS07,27,-0.154206903452958,0.442500318273529,-0.090599016785606,0.653131243649908,0.984722177010348
sllOther,item_PID26,27,-0.154024817225703,0.443045810690737,-0.125685644293597,0.532191785150525,0.984722177010348
wOS21,MentS_total,27,-0.153851769930463,0.443564558492329,-0.0354903794983365,0.860496451000163,0.984722177010348
E0diff,PID_Rigidity,27,0.153673967982886,0.444097898412652,0.19715155269523,0.324293284854476,0.984722177010348
wOS11,item_MentS03,27,-0.153407606702288,0.444897525974049,-0.173026655827984,0.388100931742176,0.984722177010348
E0s,PID_EmotLability,27,0.153299981493703,0.445220839746204,0.320191375434815,0.103475932719947,0.984722177010348
sig,PID_Perfectionism,27,0.153284602070443,0.445267050889048,0.154319807592077,0.442162262164106,0.984722177010348
wOS22,item_LPFS01,27,0.153264596301937,0.445327166828725,0.000657894879218956,0.997401491974811,0.984722177010348
wOS22,item_PID24,27,0.153243278311805,0.445391230681046,0.115214520293208,0.567149187205682,0.984722177010348
meanKL,LPFS_total,27,-0.153046711808836,0.445982175616712,-0.0235727309492474,0.907091868219269,0.984722177010348
meanKL,PID_Orderliness,27,-0.152674158645729,0.447103344556738,-0.0138696804182296,0.945258769718894,0.984722177010348
meanH,item_PID29,27,-0.152423657152255,0.447858053795237,-0.051703507359295,0.797859871577866,0.984722177010348
eta,item_LPFS06,27,-0.152267264874106,0.448329575656645,-0.0157807995150869,0.937729433511847,0.984722177010348
sig,item_PID18,27,-0.152217761616809,0.448478882816282,-0.152238068893851,0.448417630674865,0.984722177010348
absAsym,item_PID25,27,-0.152144408349936,0.44870017288744,-0.17138798695067,0.392679273319886,0.984722177010348
E0s,item_PID05,27,-0.152110665844868,0.44880198585672,0.0737221487627173,0.714780749927955,0.984722177010348
wOS11,PID_Distractible,27,-0.152035672145113,0.449028312205817,-0.112453375589359,0.576535911144249,0.984722177010348
meanH,PID_Perfectionism,27,0.152019104298534,0.449078321137927,0.11487200401537,0.568309854304529,0.984722177010348
wOS22,item_PID17,27,0.151752992425158,0.449881968195232,0.0599698750556276,0.766363477309949,0.984722177010348
E0diff,item_LPFS07,27,0.15166849587115,0.450137304281584,-0.00505198978358398,0.980047916578483,0.984722177010348
E0diff,item_SAPAS03,27,-0.151642260201193,0.450216600270986,-0.187445770063942,0.349147687643885,0.984722177010348
endH,item_PID12,27,0.151356560285306,0.451080594532974,0.024661877805712,0.90281871535377,0.985342256647068
meanKL,item_SAPAS04,27,-0.151280393023598,0.451311082982793,-0.13465462536381,0.503088750051804,0.985342256647068
asymKL,PID_Perfectionism,27,0.15096329308358,0.452271325497852,0.0385010562908657,0.848790995239818,0.986208586326366
sllSelf,item_MentS09,27,0.150881371132781,0.452519577676501,0.121580977104795,0.545772161342642,0.986208586326366
wOS21,item_PID27,27,-0.150448261479486,0.453833251401222,-0.201141431480129,0.314398228236201,0.986469129861176
wOS11,item_PID19,27,-0.150431427533206,0.453884351506396,-0.0978211382381971,0.627386443726312,0.986469129861176
allocTrust,item_PID24,27,0.150416708601305,0.453929033897756,0.130143725739652,0.517626604160653,0.986469129861176
BIC,item_LPFS06,27,0.150203536147211,0.454576424350981,0.0847010259687316,0.674449049309632,0.986469129861176
allocTrust,item_PID17,27,0.149932143745963,0.455401330886048,0.0498586751915974,0.804933268701391,0.986469129861176
sllOther,item_PID11,27,-0.149730911790111,0.456013492522458,-0.104990131391452,0.602245251264941,0.986469129861176
wEx,PID_SepInsecurity,27,-0.149673162654383,0.456189249598553,-0.110228738891668,0.584148358432154,0.986469129861176
sig,item_PID17,27,0.149645228518598,0.456274278798369,0.0484640269344898,0.810290580950854,0.986469129861176
allocTrust,item_SAPAS06,27,0.149544112567568,0.456582137311838,0.0937228850319708,0.641945730274686,0.986469129861176
pTrialsSplit,item_LPFS07,27,-0.149424209880486,0.456947336040793,-0.0407891789940052,0.839915564330655,0.986469129861176
E0s,item_PID25,27,-0.149175343500206,0.457705822774588,0.0527347652155907,0.793912594227552,0.986469129861176
wEx,item_SAPAS05,27,-0.14916381375302,0.457740978823482,-0.15191090506255,0.449404986180836,0.986469129861176
eta,item_SAPAS02,27,0.148910654315977,0.458513260930359,0.210528725646512,0.291861542613736,0.986469129861176
asymKL,PID_Grandiosity,27,0.148645853593437,0.459321788734774,0.113877040247657,0.571687467541639,0.986469129861176
eta,item_LPFS11,27,-0.14830839288156,0.460353257691746,-0.113116263445153,0.574276111142846,0.986469129861176
E0s,item_MentS12,27,-0.148248348686389,0.46053691372547,-0.120509033928068,0.549345063317237,0.986469129861176
asymKL,item_SAPAS02,27,-0.148200076877651,0.460684589666665,-0.133972825411417,0.505273002801811,0.986469129861176
endH,item_SAPAS02,27,-0.148185487054089,0.460729228598279,-0.0956948752938691,0.634923564369004,0.986469129861176
absAsym,item_PID06,27,-0.1479555807904,0.461432947937811,-0.198109714275489,0.321899830331116,0.986469129861176
meanCarry,PID_NegAffect,27,-0.147950241962037,0.461449296232158,-0.15245582393607,0.447761103921819,0.986469129861176
pTrialsSplit,item_PID26,27,-0.147929355127085,0.461513257775758,-0.04718322932774,0.815217919377094,0.986469129861176
BIC,item_PID12,27,0.147910786654081,0.461570123725168,0.115667680412705,0.565615227373693,0.986469129861176
meanH,MentS_total,27,-0.147407652352339,0.463112369718042,-0.234970788402779,0.238088644026275,0.987842294955247
D,PID_Irresponsible,27,-0.147303426422771,0.463432187756783,-0.0926172148191744,0.645896208169569,0.987842294955247
allocSelf,PID_Irresponsible,27,-0.147303426422771,0.463432187756783,-0.0926172148191744,0.645896208169569,0.987842294955247
wOS21,PID_Impulsivity,27,-0.14687547095584,0.46474658213427,-0.0260448461632497,0.897396605080539,0.989775805947656
E0diff,item_SAPAS02,27,0.146665697460051,0.465391576719698,0.210528725646512,0.291861542613736,0.990281551163631
meanCarry,item_PID16,27,-0.146367945945004,0.466307880125832,-0.1052233359936,0.601434620227204,0.991363209716336
E0s,PID_Anankastia,27,-0.146068615280266,0.467229989767549,0.105525474586891,0.600385059025191,0.992455310432819
wOS22,item_LPFS09,27,0.145922084104557,0.467681735284401,0.137108757020263,0.495265501778839,0.992547263529341
E0o,MentS_Motiv,27,0.145560190956772,0.468798399509703,0.0719469813496607,0.721376152473732,0.992651781346504
E0o,item_MentS06,27,0.145558118445679,0.468804798473245,0.129541669809145,0.519582231803097,0.992651781346504
wOS21,item_SAPAS06,27,-0.144884847769849,0.470885948295968,0.0104136538924412,0.958885889095123,0.992651781346504
D,item_PID09,27,-0.144816992765,0.471095960251936,-0.158891672806132,0.428590341756171,0.992651781346504
allocSelf,item_PID09,27,-0.144816992765,0.471095960251936,-0.158891672806132,0.428590341756171,0.992651781346504
D,item_PID01,27,-0.144745634413696,0.471316867408963,-0.148241841842302,0.460556818394538,0.992651781346504
allocSelf,item_PID01,27,-0.144745634413696,0.471316867408963,-0.148241841842302,0.460556818394538,0.992651781346504
sig,item_PID29,27,0.1441782137827,0.473075362948649,0.164234670435408,0.413021743956465,0.992651781346504
wOS21,item_SAPAS07,27,-0.144054603511977,0.473458892955389,-0.0325523367991178,0.871947328166305,0.992651781346504
wOS12,item_MentS01,27,-0.144028439326058,0.473540094086845,-0.170657590243112,0.39472981355042,0.992651781346504
wEx,item_PID25,27,-0.143910111224455,0.473907417719253,-0.308428988662238,0.117524789725478,0.992651781346504
wEx,item_PID08,27,-0.143529181392396,0.475090928395799,-0.0883261725198585,0.661315938328036,0.992651781346504
absAsym,item_MentS03,27,0.143154243616043,0.47625730724174,0.0971611221187913,0.629722193944611,0.992651781346504
pTrialsSplit,item_MentS10,27,-0.142984327874531,0.476786375769584,-0.345670272717492,0.0773848287739367,0.992651781346504
magTrust,item_SAPAS07,27,-0.142863113781834,0.477163985946653,-0.15191090506255,0.449404986180836,0.992651781346504
D,item_PID23,27,-0.142792435521446,0.477384236096624,-0.239389821255979,0.22911995491223,0.992651781346504
allocSelf,item_PID23,27,-0.142792435521446,0.477384236096624,-0.239389821255979,0.22911995491223,0.992651781346504
D,item_MentS03,27,0.142741563043641,0.477542799056958,0.101486788514491,0.614478171737327,0.992651781346504
allocSelf,item_MentS03,27,0.142741563043641,0.477542799056958,0.101486788514491,0.614478171737327,0.992651781346504
wOS21,item_MentS06,27,0.142326255897176,0.478838268720381,0.254883734362633,0.199470599102492,0.992651781346504
wEx,item_SAPAS03,27,0.142278892450376,0.478986124086419,0.1770321161715,0.377039247038,0.992651781346504
absAsym,item_LPFS10,27,-0.142095086473154,0.479560136168311,-0.151826204244667,0.449660795222,0.992651781346504
asymKL,item_SAPAS01,27,0.142069295255277,0.479640708348873,0.171565879076879,0.39218077238933,0.992651781346504
meanCarry,item_LPFS05,27,-0.142030585126345,0.479761652422724,-0.135266497246646,0.501132517498643,0.992651781346504
E0diff,MentS_Self,27,-0.141702341504289,0.48078782821374,-0.107073008642271,0.595021510070388,0.992651781346504
sig,PID_Antagonism,27,0.14156584406407,0.481214885129899,0.0899616167129288,0.655422673259297,0.992651781346504
wOS11,item_LPFS03,27,0.141552804997052,0.481255690346622,0.113798590817103,0.571954161111494,0.992651781346504
wOS22,item_PID02,27,0.141484240954547,0.481470287743794,0.0638690385026585,0.751628532849912,0.992651781346504
asymKL,item_MentS05,27,-0.14129387499405,0.482066366966338,-0.145745136978855,0.468227553708682,0.992651781346504
absAsym,PID_Irresponsible,27,-0.141097034800232,0.482683114296098,-0.130490425340026,0.516502061982903,0.992651781346504
sllOther,item_MentS08,27,-0.140530235357152,0.484461277126325,-0.123756167255129,0.53855544646356,0.992651781346504
meanSwing,item_SAPAS05,27,0.140488027252788,0.484593825533403,0.0108507789330393,0.957161603239265,0.992651781346504
allocTrust,item_LPFS09,27,0.1404702059311,0.484649796337332,0.11997016239273,0.551145259082012,0.992651781346504
magTrust,item_LPFS11,27,0.140396258311352,0.484882076169796,0.165424362148114,0.409598532230298,0.992651781346504
magTrust,item_PID07,27,0.14014532904558,0.485670701845082,0.101947586500664,0.612863308490629,0.992651781346504
E0o,item_PID02,27,-0.14013415080698,0.485705848193135,-0.106448397504431,0.597183858724297,0.992651781346504
D,item_SAPAS08,27,-0.140045367593526,0.485985044095943,-0.123717914826348,0.538681968892102,0.992651781346504
allocSelf,item_SAPAS08,27,-0.140045367593526,0.485985044095943,-0.123717914826348,0.538681968892102,0.992651781346504
sllOther,LPFS_Self,27,-0.139920558124321,0.486377669222086,-0.197672423851457,0.322990821010022,0.992651781346504
wOS21,PID_Anhedonia,27,-0.139614247008916,0.487341943267,-0.101850419318221,0.613203683779361,0.992651781346504
wOS12,item_PID27,27,-0.139604615825882,0.48737227814036,-0.0841655635271462,0.676396940892773,0.992651781346504
meanH,MentS_Motiv,27,-0.139583198726549,0.487439737975973,-0.171494313303286,0.392381275348835,0.992651781346504
allocTrust,PID_IntimacyAvoid,27,0.139493888210308,0.487721100299104,0.0842142230522058,0.676219844307721,0.992651781346504
wOS12,item_PID03,27,-0.139277121284507,0.4884043410641,-0.144753590468775,0.471292234847029,0.992651781346504
E0o,PID_Antagonism,27,-0.138935596574601,0.489481795231934,-0.12005116769541,0.550874472747497,0.992651781346504
pTrialsSplit,item_PID15,27,-0.138273356882216,0.491574469310168,-0.0656144711878096,0.745059638455437,0.992651781346504
wOS22,item_SAPAS06,27,0.138047708293271,0.492288545806037,0.0937228850319708,0.641945730274686,0.992651781346504
magSelf,MentS_Other,27,-0.1377757474205,0.493149873190344,-0.211244473073073,0.290186131777692,0.992651781346504
absAsym,item_MentS10,27,0.137603373315335,0.493696191289223,0.273578125166384,0.167341324107494,0.992651781346504
pTrialsSplit,item_PID25,27,0.137459243887296,0.49415322470491,0.123915155105597,0.538029733609116,0.992651781346504
meanSwing,item_PID24,27,-0.137230423938285,0.494879247231434,-0.139231068185313,0.488549560959382,0.992651781346504
meanH,item_MentS07,27,-0.137102736255271,0.495284619754745,-0.0921052830906538,0.647728490336502,0.992651781346504
wEx,PID_Anxiousness,27,0.136771586911648,0.496336700950167,0.0891721550614172,0.658264983117847,0.992651781346504
meanH,item_PID11,27,-0.13660293304292,0.49687295392499,-0.202227145387843,0.31173822718839,0.992651781346504
meanSwing,PID_Manipulative,27,-0.13659820999022,0.496887975545219,-0.0900677658681819,0.655040858917812,0.992651781346504
sig,MentS_total,27,-0.136569643658788,0.496978835308007,-0.181735219155275,0.364286743613268,0.992651781346504
pTrialsSplit,item_LPFS02,27,0.136429269502092,0.497425438352886,0.249070479568014,0.210269354060948,0.992651781346504
endH,item_LPFS04,27,-0.136405242768808,0.497501899959841,-0.145749550995096,0.468213934026658,0.992651781346504
meanKL,item_PID22,27,0.135838376592866,0.499307572178482,0.198966921840611,0.3197677521508,0.992651781346504
meanH,item_PID30,27,-0.135770291680022,0.499524666580335,-0.225911469699441,0.257193824277972,0.992651781346504
wOS21,item_MentS09,27,0.135748104959468,0.499595420942529,0.0829536875037923,0.680812968437993,0.992651781346504
D,item_PID18,27,-0.135693825146114,0.499768542545521,-0.100962061355191,0.616319212249302,0.992651781346504
allocSelf,item_PID18,27,-0.135693825146114,0.499768542545521,-0.100962061355191,0.616319212249302,0.992651781346504
E0o,item_PID09,27,-0.135576848131827,0.500141733985455,-0.210856245044615,0.291094134700841,0.992651781346504
eta,PID_Impulsivity,27,-0.135351719465993,0.500860351612621,0.0312538153958997,0.877016427424723,0.992651781346504
eta,PID_Withdrawal,27,-0.135267283867925,0.501130005006825,-0.0554524993367903,0.783534042649394,0.992651781346504
magSelf,item_PID04,27,-0.135133808968576,0.501556417432649,-0.1229204173712,0.541322925296228,0.992651781346504
wOS11,item_PID29,27,0.13512327868112,0.501590066226603,0.209855412223021,0.293443180876208,0.992651781346504
wEx,item_LPFS12,27,-0.135095403241858,0.501679145649575,-0.0389936268245506,0.846878798303611,0.992651781346504
wOS12,MentS_Other,27,-0.134724269283357,0.502865898755474,-0.181243427848932,0.36560825777353,0.992651781346504
E0o,item_PID11,27,0.134672222410235,0.503032437216357,0.241315778921276,0.225282679495952,0.992651781346504
meanSwing,item_SAPAS08,27,-0.13459821600694,0.503269288393499,-0.076134101431599,0.705851472813241,0.992651781346504
allocSelf,PID_Disinhibition,27,-0.134547986184996,0.503430076140471,-0.123309791613675,0.540032733392939,0.992651781346504
D,PID_Disinhibition,27,-0.134547986184996,0.503430076140472,-0.123309791613675,0.540032733392939,0.992651781346504
wOS21,item_PID14,27,-0.134360457843136,0.504030587031945,-0.184300017543397,0.35744029065928,0.992651781346504
endH,item_LPFS09,27,0.13417232557954,0.50463338804906,0.163992827024236,0.413719562380466,0.992651781346504
wEx,item_PID11,27,-0.134090419104062,0.504895938791986,-0.137940880320462,0.492626790388538,0.992651781346504
magTrust,PID_Antagonism,27,0.133994650463497,0.505203010284334,0.0512750511640243,0.799501278276229,0.992651781346504
pTrialsSplit,PID_Manipulative,27,-0.133755259292684,0.505970995087855,-0.0134949279672451,0.946735759997055,0.992651781346504
sllSelf,item_LPFS06,27,-0.133524301774199,0.506712470129684,-0.102414168281584,0.611229971503586,0.992651781346504
magTrust,PID_Disinhibition,27,0.133499709880387,0.50679145247088,0.186355399356004,0.352008960297721,0.992651781346504
meanH,item_PID03,27,0.133363711680152,0.50722835059208,0.113077232249145,0.574409060269962,0.992651781346504
meanKL,PID_Anankastia,27,-0.133362175284267,0.507233287368362,-0.0252276644784987,0.900599945909861,0.992651781346504
endH,item_PID15,27,0.133219089166529,0.507693158186586,0.174754523588189,0.383306600610382,0.992651781346504
meanBC,item_LPFS10,27,-0.133174016227979,0.507838062631152,-0.173515661993906,0.386740616267815,0.992651781346504
magSelf,item_MentS07,27,0.133154952891547,0.507899355249922,0.199342148403344,0.318837209241554,0.992651781346504
magSelf,MentS_Motiv,27,-0.132958941999495,0.508529782564857,-0.124666752166222,0.535547763528626,0.992651781346504
pTrialsSplit,item_PID24,27,-0.132856298683415,0.508860066480643,0.026148108095874,0.896991930379008,0.992651781346504
meanH,item_PID17,27,0.132771906550984,0.509131701057609,0.0397474753275671,0.843953941435809,0.992651781346504
D,item_LPFS10,27,-0.132577021486462,0.509759253631171,-0.0957951050591354,0.634567466163416,0.992651781346504
allocSelf,item_LPFS10,27,-0.132577021486462,0.509759253631171,-0.0957951050591354,0.634567466163416,0.992651781346504
magTrust,item_LPFS12,27,0.132568553605834,0.509786529802021,0.0790044786966982,0.695274478368741,0.992651781346504
wOS22,item_LPFS04,27,0.132450461434252,0.510166995104342,0.0256624491594074,0.898895403678373,0.992651781346504
eta,item_MentS02,27,0.132006361987557,0.511599026122075,-0.0424615711752313,0.833440499170354,0.992651781346504
meanKL,PID_Perfectionism,27,-0.131614190098966,0.512865248092955,0.071952793723913,0.721354525297418,0.992651781346504
wOS12,item_LPFS09,27,-0.131494230975897,0.513252871025117,-0.0910697871384588,0.651440809586425,0.992651781346504
meanKL,item_PID08,27,-0.131491932188628,0.513260300475552,-0.0505198941306766,0.802396289917091,0.992651781346504
D,item_LPFS04,27,-0.131269454783182,0.513979573796283,-0.159567792850161,0.426602733227078,0.992651781346504
allocSelf,item_LPFS04,27,-0.131269454783181,0.513979573796283,-0.159567792850161,0.426602733227078,0.992651781346504
sllOther,item_LPFS11,27,-0.130995975814907,0.514864409806357,-0.125866362504,0.531597589654981,0.992651781346504
eta,item_LPFS12,27,-0.130952378492573,0.515005536723663,-0.0800217037442951,0.691539324145261,0.992651781346504
meanSwing,item_PID06,27,0.130941557102553,0.515040569076294,0.270783127049915,0.171896809548911,0.992651781346504
absAsym,item_SAPAS08,27,-0.130816307237852,0.515446128067157,-0.209368778936897,0.294589653684282,0.992651781346504
meanH,PID_Impulsivity,27,0.13074759182383,0.515668694613299,0.0849713106076023,0.673466590928561,0.992651781346504
wOS21,item_LPFS07,27,0.130575745675807,0.516225502401264,0.0693806596945533,0.730945351356636,0.992651781346504
asymKL,item_MentS01,27,0.130014052688592,0.518047512249956,0.160743871307828,0.423157431610499,0.992651781346504
meanKL,PID_SepInsecurity,27,-0.129781026100393,0.518804314692825,-0.0578144970555725,0.77454318599666,0.992651781346504
wOS21,LPFS_Interpers,27,-0.129289203148622,0.520403369770348,-0.0640517352792254,0.750940157118056,0.992651781346504
sllOther,item_LPFS06,27,-0.129270864222942,0.520463040854157,-0.0615129123955427,0.760522535969509,0.992651781346504
meanH,item_LPFS02,27,0.129223296658685,0.520617831324644,0.0899763152840327,0.655369798031112,0.992651781346504
E0diff,item_LPFS06,27,0.129187293236047,0.520735005511623,0.0785819404424734,0.696828047541221,0.992651781346504
endH,MentS_Self,27,-0.12911008318943,0.520986330837233,-0.192670055665748,0.335631742993733,0.992651781346504
wEx,PID_Antagonism,27,-0.128947197035708,0.521516731453019,-0.0789083122703846,0.695627953388393,0.992651781346504
sllSelf,item_MentS07,27,0.128933696324083,0.521560705057916,0.0957237049263581,0.634821129779061,0.992651781346504
wOS21,item_PID17,27,-0.12891558437807,0.521619700875592,0.00104598619283071,0.995868646022055,0.992651781346504
absAsym,item_LPFS12,27,-0.128790367154108,0.522027657509282,-0.154957282250605,0.440256148519206,0.992651781346504
wEx,item_PID09,27,0.128766897732789,0.522104137809878,0.0932697450434315,0.643563623735231,0.992651781346504
BIC,item_SAPAS01,27,0.128715473106403,0.522271735227993,0.102939527446127,0.60939304624001,0.992651781346504
sig,PID_Anhedonia,27,0.128641646930349,0.522512386644828,0.198956253885594,0.319794232486575,0.992651781346504
E0diff,LPFS_total,27,0.128480678482584,0.52303728131543,0.13194606544319,0.511793608435843,0.992651781346504
sllOther,PID_EmotLability,27,-0.128306140291364,0.523606711878034,-0.119761502827363,0.551843053721569,0.992651781346504
E0o,item_PID15,27,-0.128239875942057,0.523822977342703,-0.212201921499944,0.287954468849594,0.992651781346504
wOS21,item_PID24,27,-0.128107799010659,0.52425416204268,-0.115539068237696,0.566050393076802,0.992651781346504
asymKL,PID_Impulsivity,27,-0.127736001252118,0.525468866753102,-0.132503154855533,0.509997212028688,0.992651781346504
endH,item_LPFS08,27,0.127652090746846,0.525743198481731,0.162185491553222,0.418955166111128,0.992651781346504
magTrust,item_PID12,27,-0.127423197780192,0.526491876029733,-0.211189038110886,0.290315675633515,0.992651781346504
sig,item_PID19,27,-0.127380689429011,0.526630971270981,-0.0586926829429183,0.771207560731125,0.992651781346504
meanKL,item_PID14,27,0.127340962278617,0.526760981824489,0.275429915516885,0.164370426251271,0.992651781346504
D,item_PID19,27,0.127310982932975,0.526859102020368,0.0978211382381971,0.627386443726312,0.992651781346504
allocSelf,item_PID19,27,0.127310982932975,0.526859102020368,0.0978211382381971,0.627386443726312,0.992651781346504
BIC,item_SAPAS05,27,0.12719503984846,0.527238657616774,0.108507789330393,0.590067181875353,0.992651781346504
wOS11,item_PID07,27,0.127063816494964,0.527668393157395,0.150036070699091,0.455085347943891,0.992651781346504
absAsym,item_LPFS05,27,-0.127059933562134,0.527681111695395,-0.148566080908786,0.459565509027116,0.992651781346504
E0diff,item_PID26,27,0.127053336294105,0.527702721368762,0.27414653956657,0.16642539837295,0.992651781346504
allocTrust,item_PID12,27,0.127008485636612,0.52784964311003,0.0288300825052689,0.886490595173121,0.992651781346504
eta,SAPAS_total,27,-0.126951714904931,0.528035640675949,-0.0114724959409113,0.95470950077108,0.992651781346504
wEx,item_PID02,27,-0.126943089330498,0.528063903330147,-0.079075952431863,0.695011805526963,0.992651781346504
sllOther,MentS_Self,27,0.126659081474529,0.528994890534686,0.0549171018537722,0.785575834976062,0.992651781346504
E0diff,item_SAPAS07,27,-0.126524073891531,0.529437724582253,-0.0217015578660786,0.914439050509201,0.992651781346504
wOS12,item_MentS03,27,0.126364792104427,0.529960407059092,0.121451402648489,0.546203471539823,0.992651781346504
sig,item_PID15,27,0.126043990575438,0.531013862162076,0.0998597277646796,0.620194198863524,0.992651781346504
sig,PID_SepInsecurity,27,0.125658092242567,0.532282403105528,0.0714739661401308,0.723136887248751,0.992651781346504
asymKL,item_LPFS10,27,-0.125596471634394,0.532485098163374,-0.133751656120302,0.505982558737144,0.992651781346504
D,item_PID28,27,-0.125591135789836,0.532502651635269,-0.121953144541477,0.544534222277821,0.992651781346504
allocSelf,item_PID28,27,-0.125591135789836,0.532502651635269,-0.121953144541477,0.544534222277821,0.992651781346504
BIC,item_MentS02,27,-0.125581775916735,0.532533443726515,-0.0684455177152983,0.734442149734753,0.992651781346504
meanKL,item_PID26,27,-0.125513641150537,0.532757618825853,0.05989047479762,0.766664375745441,0.992651781346504
E0o,item_PID30,27,-0.125302846527067,0.533451453047447,-0.101415365654548,0.61472862997498,0.992651781346504
meanKL,item_PID06,27,0.12527915823685,0.533529450255022,0.159616034449766,0.426461109152849,0.992651781346504
meanBC,item_PID25,27,0.124885974636091,0.534824854997358,0.113102193817648,0.574324033916717,0.992651781346504
wOS22,item_SAPAS04,27,0.124788244808713,0.535147072032696,0.0612066478926411,0.761680847656458,0.992651781346504
eta,item_PID08,27,-0.124591344225837,0.535796535686382,0.0187358547769397,0.926097752803114,0.992651781346504
sllOther,item_PID13,27,-0.124583031596545,0.535823962542826,-0.0329266590662995,0.870486975813706,0.992651781346504
wOS22,item_SAPAS03,27,0.124543797687344,0.535953420649471,0.124963846709294,0.534568175106933,0.992651781346504
magSelf,item_PID20,27,-0.124526061884646,0.536011947413677,-0.149666341504442,0.456210011843259,0.992651781346504
E0o,PID_Irresponsible,27,0.124525202785165,0.536014782451575,0.133933444478286,0.505399308815492,0.992651781346504
wOS12,item_SAPAS04,27,-0.124448167217999,0.536269029485519,-0.13465462536381,0.503088750051804,0.992651781346504
asymKL,item_PID18,27,0.124321828008021,0.536686120799976,0.126003832478723,0.531145804380183,0.992651781346504
magTrust,item_MentS01,27,-0.12384049434193,0.538276578484533,-0.10905090828813,0.588196446323745,0.992651781346504
sllOther,item_PID18,27,-0.123399633119782,0.539735248675041,-0.00357739587479024,0.985870917094852,0.992651781346504
eta,MentS_Other,27,0.12336666542586,0.539844402918415,0.0952610508147972,0.636465777655364,0.992651781346504
D,item_SAPAS02,27,-0.123288055625005,0.540104717533606,-0.12440333788203,0.536417009770273,0.992651781346504
allocSelf,item_SAPAS02,27,-0.123288055625005,0.540104717533606,-0.12440333788203,0.536417009770273,0.992651781346504
allocTrust,item_PID26,27,0.123257642388931,0.540205446102605,0.194854925045778,0.33007431229144,0.992651781346504
E0s,item_MentS10,27,-0.122942666115609,0.541249165164938,-0.100570681946508,0.617693870268859,0.992651781346504
meanH,item_LPFS09,27,0.122849400652192,0.541558394928722,0.118962009767581,0.554520463611474,0.992651781346504
meanKL,item_PID07,27,-0.122825331907097,0.541638210383216,-0.06540033850986,0.745864596192778,0.992651781346504
meanCarry,item_MentS11,27,0.122690450108435,0.542085599962162,0.190193427845545,0.341999197032694,0.992651781346504
pTrialsSplit,PID_Withdrawal,27,-0.122673100653171,0.542143158942857,-0.0622186495176849,0.757855315080324,0.992651781346504
D,MentS_Other,27,-0.122523233135773,0.542640482171177,-0.188047788621418,0.34757387108773,0.992651781346504
allocSelf,MentS_Other,27,-0.122523233135773,0.542640482171177,-0.188047788621418,0.34757387108773,0.992651781346504
pTrialsSplit,MentS_Other,27,0.1223207372354,0.543312787175568,0.080152631601437,0.691059078550259,0.992651781346504
E0o,MentS_total,27,0.122232661914214,0.543605326738868,0.070368855901874,0.727255861099108,0.992651781346504
wEx,item_MentS01,27,0.122193572902531,0.54373518329514,0.0562957610967943,0.780321018799157,0.992651781346504
wOS12,item_PID09,27,-0.121579328897045,0.545777646681538,-0.0926035325788356,0.645945152848128,0.992651781346504
wOS21,item_PID09,27,-0.121561446026787,0.545837163646308,0.00166553116148985,0.993421658405743,0.992651781346504
E0diff,item_SAPAS01,27,0.121518913785865,0.545978729672654,0.240192230707631,0.227515965793388,0.992651781346504
magTrust,item_PID13,27,0.121459154976418,0.546177662164488,0.163034913823425,0.416489964570079,0.992651781346504
E0o,item_LPFS06,27,-0.121252422108592,0.546866119974374,-0.195810736840262,0.327660799565341,0.992651781346504
asymKL,PID_Irresponsible,27,-0.120857083941991,0.548183789214615,-0.151837143997234,0.449627751188992,0.992651781346504
D,item_LPFS05,27,-0.120740380080731,0.548573046518634,-0.111262370636929,0.580605930586209,0.992651781346504
allocSelf,item_LPFS05,27,-0.120740380080731,0.548573046518634,-0.111262370636929,0.580605930586209,0.992651781346504
wOS11,PID_Withdrawal,27,-0.120595977695554,0.549054867472464,-0.101192979015725,0.615508742168851,0.992651781346504
sllSelf,SAPAS_total,27,-0.12039068361431,0.549740200153767,-0.101392058721027,0.614810369424521,0.992651781346504
absAsym,item_LPFS09,27,-0.120251848534902,0.550203897087061,-0.140805316645809,0.483597876380627,0.992651781346504
sllOther,item_MentS01,27,-0.120193214468785,0.550399783983418,-0.206417790688246,0.301602213433634,0.992651781346504
meanSwing,PID_Rigidity,27,0.120104937763213,0.550694762892491,0.0985757763476148,0.62472012196727,0.992651781346504
eta,item_PID23,27,-0.119915912492334,0.551326641200742,-0.00101436364938974,0.995993545255768,0.992651781346504
absAsym,item_MentS11,27,-0.119703341058845,0.552037629562356,-0.127012734348909,0.527835724343282,0.992651781346504
endH,PID_Disinhibition,27,0.119691331517006,0.552077810523243,0.124236932904003,0.536966476160731,0.992651781346504
magTrust,item_PID04,27,0.119525037164902,0.552634328850075,0.176057889463958,0.379712776199348,0.992651781346504
E0diff,item_PID29,27,0.119479208379206,0.552787744203645,0.133820842576999,0.505760541678217,0.992651781346504
eta,item_PID11,27,-0.119418647746111,0.552990505604916,-0.158938906598752,0.428451323271856,0.992651781346504
D,item_MentS08,27,-0.118939394953648,0.554596284638851,-0.187073276083334,0.350123596728909,0.992651781346504
allocSelf,item_MentS08,27,-0.118939394953648,0.554596284638851,-0.187073276083334,0.350123596728909,0.992651781346504
magTrust,PID_EmotLability,27,0.118462941004008,0.556194804111193,0.0936994141291803,0.642029491833724,0.992651781346504
wOS21,item_MentS04,27,0.118225767470692,0.556991315010447,0.0170777345142385,0.9326227667335,0.992651781346504
allocTrust,item_LPFS04,27,0.118182853156008,0.55713549184769,0.0299395240193086,0.882151913004362,0.992651781346504
pTrialsSplit,item_PID03,27,-0.11790170718203,0.558080464074287,0.0160663593518394,0.936604831570133,0.992651781346504
meanSwing,item_MentS01,27,0.117676966615418,0.558836375276938,0.133481144235795,0.50685108419391,0.992651781346504
E0o,item_LPFS10,27,0.117585940529386,0.559142672766044,0.154537386463322,0.441511181701816,0.992651781346504
meanBC,item_MentS10,27,-0.117538268192054,0.559303117925048,-0.262583259615962,0.185762112317228,0.992651781346504
magTrust,MentS_total,27,-0.117229469916264,0.560342911384395,-0.179287606776079,0.370891560928425,0.992651781346504
meanCarry,PID_Anhedonia,27,-0.117085546575569,0.560827833869501,-0.0999525854178817,0.619867396374932,0.992651781346504
sig,item_PID24,27,0.116640996035837,0.562326865700947,0.193755122859282,0.332864740050966,0.992651781346504
meanBC,item_PID16,27,-0.116621619482305,0.562392245043612,-0.0627478609136148,0.755857016755222,0.992651781346504
meanKL,item_PID09,27,-0.116506114232079,0.562782048214326,-0.109591950426032,0.58633542673185,0.992651781346504
asymKL,PID_EmotLability,27,0.116327936656595,0.563383595672955,0.0909070474829465,0.652024982699658,0.992651781346504
meanSwing,item_LPFS12,27,-0.116253787626804,0.563634016805622,0.0101722504759697,0.959838208222503,0.992651781346504
wOS21,item_LPFS09,27,-0.116192581571315,0.563840763970725,-0.0373016471305127,0.853450667808405,0.992651781346504
meanSwing,item_LPFS08,27,-0.116167006293416,0.563927164536684,-0.090211608755507,0.654523596772221,0.992651781346504
meanSwing,item_PID15,27,-0.115810532690787,0.565132056448538,-0.0313748468990378,0.876543747820754,0.992651781346504
meanKL,item_SAPAS08,27,-0.115594551833451,0.565862643067589,-0.076134101431599,0.705851472813241,0.992651781346504
meanSwing,PID_Impulsivity,27,-0.115215969360397,0.567144279092378,-0.0530663740576214,0.792644363999296,0.992651781346504
allocTrust,item_SAPAS04,27,0.115195155333803,0.567214779796459,0.0856893070496975,0.67085928548142,0.992651781346504
sllOther,item_PID08,27,-0.115073778462033,0.567625982700601,-0.0742742814371537,0.712733416761281,0.992651781346504
magTrust,item_SAPAS01,27,-0.115031381679207,0.567769646895616,-0.137252703261503,0.494808533693989,0.992651781346504
E0s,PID_Perfectionism,27,-0.114568428900521,0.569339453738791,0.120868070159029,0.548147152077997,0.992651781346504
meanCarry,PID_EmotLability,27,-0.114555608957454,0.569382951992308,-0.0974225696574921,0.628796532316335,0.992651781346504
D,item_PID03,27,-0.114268122691837,0.570358787896691,-0.153961834137273,0.443234578841507,0.992651781346504
allocSelf,item_PID03,27,-0.114268122691837,0.570358787896691,-0.153961834137273,0.443234578841507,0.992651781346504
wOS21,PID_SepInsecurity,27,-0.114213965540628,0.570542701217416,0.00349428278907306,0.986199144802471,0.992651781346504
asymKL,item_PID28,27,-0.114042432398188,0.571125388873423,-0.0791737692311161,0.694652375086648,0.992651781346504
magTrust,item_PID18,27,-0.113838623357673,0.571818061141382,-0.0882424315781592,0.661618230418411,0.992651781346504
asymKL,PID_Disinhibition,27,-0.113835640806307,0.571828200523033,-0.104457918710331,0.604096977540409,0.992651781346504
magTrust,item_PID23,27,0.113809340855116,0.571917612427758,0.149111456460292,0.457900642502071,0.992651781346504
endH,item_PID10,27,-0.113752810091634,0.572109821087548,0.00133705015067464,0.994719038540256,0.992651781346504
eta,item_PID22,27,-0.11362024038401,0.572560680578334,-0.0676227446778548,0.737523046697471,0.992651781346504
absAsym,item_PID05,27,-0.113520668925288,0.572899419619634,-0.152425523793186,0.447852427480702,0.992651781346504
sig,item_PID09,27,0.113501210409347,0.572965627316609,0.13624044900987,0.498026490538573,0.992651781346504
endH,item_PID07,27,-0.113479944227558,0.573037989502185,-0.0519355629343006,0.796971221105446,0.992651781346504
sllOther,item_LPFS12,27,-0.11342941483644,0.573209941583539,-0.0152583757139546,0.939787161846385,0.992651781346504
D,item_MentS10,27,0.113320981814954,0.573579017871867,0.00840783836208746,0.966800239267266,0.992651781346504
allocSelf,item_MentS10,27,0.113320981814954,0.573579017871867,0.00840783836208746,0.966800239267266,0.992651781346504
pTrialsSplit,item_PID02,27,0.113308854077265,0.573620303939509,0.159196315354868,0.427694150732718,0.992651781346504
sig,item_PID12,27,-0.1132567846128,0.573797577363809,-0.169854341506946,0.39699188204579,0.992651781346504
eta,PID_Antagonism,27,-0.113130290145951,0.574228336351059,-0.109918971956411,0.58521181673522,0.992651781346504
E0diff,PID_Perfectionism,27,0.112928674830546,0.574915205624768,0.222485612172626,0.264671494672184,0.992651781346504
sllSelf,item_MentS06,27,0.112911847339431,0.57497255052475,0.0775311739506107,0.700696623066538,0.992651781346504
eta,item_PID16,27,-0.112736961120232,0.575568679838897,-0.119060043784808,0.554191838520517,0.992651781346504
wEx,PID_Irresponsible,27,-0.112590147109537,0.576069331743414,-0.0619743444886669,0.758778322530103,0.992651781346504
E0diff,MentS_Motiv,27,-0.112476383014767,0.576457412410505,-0.0390746536640399,0.846564326578747,0.992651781346504
pTrialsSplit,item_PID22,27,0.11242942677049,0.576617626831552,0.201371722735051,0.313832847421952,0.992651781346504
asymKL,item_PID07,27,-0.112338133490736,0.576929175338565,-0.172156773430367,0.390527517257224,0.992651781346504
sig,item_SAPAS03,27,0.112327796264781,0.576964456968225,0.0937228850319708,0.641945730274686,0.992651781346504
D,item_PID27,27,-0.112123450428395,0.577662098508174,-0.0684736788017461,0.734336770416528,0.992651781346504
allocSelf,item_PID27,27,-0.112123450428395,0.577662098508174,-0.0684736788017461,0.734336770416528,0.992651781346504
wOS21,item_PID11,27,-0.111975052532047,0.578168965910967,0.00484569837191317,0.980862484095921,0.992651781346504
magTrust,LPFS_Interpers,27,0.111602366777448,0.579442774982029,0.10254436465376,0.610774523562996,0.992651781346504
sllSelf,item_SAPAS07,27,-0.111598690556276,0.579455346155632,-0.0868062314643143,0.666810720447677,0.992651781346504
sllSelf,item_MentS12,27,0.111563550737593,0.57957551603186,0.0734811182488221,0.71567510740165,0.992651781346504
sllSelf,MentS_Motiv,27,0.111511514237169,0.579753488721107,0.0111641867611543,0.95592544833547,0.992651781346504
asymKL,MentS_total,27,0.111487153649479,0.579836813876009,0.0985163982626237,0.624929752855333,0.992651781346504
allocTrust,PID_SepInsecurity,27,0.111088321906142,0.581201762905488,0.0813214903638821,0.686776873334774,0.992651781346504
eta,PID_SepInsecurity,27,-0.111020626987076,0.581433579814211,-0.0994282284527153,0.621713737064207,0.992651781346504
meanKL,item_LPFS02,27,0.110975794284864,0.581587128862838,0.146090576428913,0.467162304632066,0.992651781346504
wEx,item_PID14,27,-0.110889141284809,0.581883960094277,-0.0652870910854838,0.746290416051686,0.992651781346504
meanSwing,item_MentS07,27,0.110586832771507,0.582920042576915,-0.0809210701439316,0.688242789826171,0.992651781346504
E0diff,item_PID05,27,0.11045748290391,0.58336360160625,0.232125144077204,0.243985512038695,0.992651781346504
wEx,LPFS_Interpers,27,0.110262189416877,0.584033570237077,0.198006085502605,0.322158168198536,0.992651781346504
wOS11,item_PID06,27,0.110176800426724,0.584326609023904,0.145678667616315,0.468432673357733,0.992651781346504
asymKL,PID_NegAffect,27,0.110127130576891,0.584497096042654,0.115952316796448,0.56465268264398,0.992651781346504
eta,MentS_total,27,0.110127069673215,0.584497305102039,0.0238642206971573,0.905947986647534,0.992651781346504
E0s,item_MentS08,27,0.110052288316471,0.584754025964516,0.16692692327436,0.405297791242126,0.992651781346504
asymKL,MentS_Motiv,27,0.109656327328486,0.586114160574227,0.0679154694636884,0.736426473998923,0.992651781346504
meanBC,item_MentS04,27,-0.109265996078242,0.587456303259642,-0.191077293715914,0.339718492086898,0.992651781346504
E0s,item_PID06,27,0.109227554978006,0.587588554037066,0.193795767398469,0.332761362770603,0.992651781346504
meanCarry,item_PID24,27,-0.108967055266166,0.588485104240751,-0.102881698402667,0.609595133382448,0.992651781346504
asymKL,LPFS_total,27,-0.108911232759268,0.588677303197142,-0.199909004024137,0.317434594884115,0.992651781346504
sig,PID_Orderliness,27,0.108889034091876,0.588753741589791,0.067413097846744,0.738308710510528,0.992651781346504
asymKL,PID_Anxiousness,27,0.108525009629834,0.590007828283441,0.129393162064644,0.520065171448143,0.992651781346504
magTrust,item_MentS05,27,-0.108524613389881,0.590009193983546,-0.179104579442904,0.371388241142723,0.992651781346504
D,item_LPFS09,27,-0.108423495699734,0.590357755857502,-0.109216534391141,0.587626471079713,0.992651781346504
allocSelf,item_LPFS09,27,-0.108423495699734,0.590357755857502,-0.109216534391141,0.587626471079713,0.992651781346504
eta,item_PID25,27,-0.108316652513997,0.590726150682326,-0.0697347882127219,0.729622514578807,0.992651781346504
wEx,item_SAPAS02,27,0.108269575762684,0.590888502609135,0.143542312940804,0.475050104677459,0.992651781346504
sig,item_MentS06,27,-0.108218954634007,0.591063099393728,-0.0739776618112077,0.713833055426923,0.992651781346504
E0o,item_PID10,27,-0.108178388267729,0.591203032474612,-0.195877847073834,0.327491744946261,0.992651781346504
meanSwing,item_MentS05,27,0.108027963172865,0.591722046340218,0.108175279446528,0.591213756897044,0.992651781346504
E0diff,item_LPFS10,27,-0.1078977927713,0.592171333594382,-0.134203519823411,0.50453341284337,0.992651781346504
pTrialsSplit,LPFS_Interpers,27,-0.107769790176687,0.592613281816664,0.00790131408579679,0.968799347518269,0.992651781346504
pTrialsSplit,item_PID20,27,0.107643037671082,0.593051053739202,0.0689398651559618,0.732592975831387,0.992651781346504
sig,LPFS_Interpers,27,0.107635025287827,0.593078731209379,0.105623775003723,0.600043753251987,0.992651781346504
E0o,item_SAPAS02,27,-0.107553065131328,0.593361881087222,-0.191389750587738,0.338914431258272,0.992651781346504
sig,PID_Disinhibition,27,0.107420230307883,0.593820912339604,0.095186505807047,0.636730928691775,0.992651781346504
meanSwing,item_MentS11,27,0.107418837511206,0.593825726171451,0.12961812377145,0.519333692114371,0.992651781346504
eta,item_SAPAS05,27,-0.107338594198557,0.594103094162499,-0.075955452531275,0.706511562886657,0.992651781346504
meanH,PID_EmotLability,27,0.107261665223982,0.594369058052813,0.118830713945285,0.554960727460028,0.992651781346504
meanH,MentS_Other,27,-0.10710209350584,0.594920902646895,-0.0726829446151862,0.718639385824729,0.992651781346504
meanCarry,item_PID28,27,-0.10703186378345,0.595163846662366,-0.192507188896625,0.336048261510521,0.992651781346504
E0diff,item_SAPAS06,27,0.106911607701544,0.595579944342079,0.124963846709294,0.534568175106933,0.992651781346504
meanSwing,item_SAPAS06,27,-0.106907277022687,0.59559493123279,0.0937228850319708,0.641945730274686,0.992651781346504
BIC,item_LPFS05,27,0.106610286827522,0.596623090221121,0.0875826241165334,0.664001843357357,0.992651781346504
wEx,item_PID26,27,-0.106604373512567,0.596643569395966,-0.0210881953512746,0.91684894869659,0.992651781346504
sig,item_SAPAS06,27,-0.106325122877566,0.597611020578656,-0.0833092311395296,0.679516309018428,0.992651781346504
meanCarry,item_PID14,27,0.105916284452925,0.59902862815634,0.0476051705831653,0.813593907741375,0.992651781346504
endH,item_SAPAS06,27,0.105876423617961,0.599166918236149,0.114550192816853,0.569401329483612,0.992651781346504
wOS12,item_PID19,27,0.105861374871678,0.599219130716248,0.103690406532489,0.606771596401452,0.992651781346504
BIC,item_LPFS02,27,0.105719878184774,0.599710156104085,0.0854613747321458,0.671686589245489,0.992651781346504
wEx,PID_Deceitful,27,0.105681923190392,0.599841897560462,0.0704086743801477,0.727107320096087,0.992651781346504
absAsym,item_PID28,27,-0.10554191288447,0.600327978395116,-0.215493121899207,0.280366277780005,0.992651781346504
E0s,MentS_total,27,-0.105529783979112,0.600370094794031,-0.1119782663482,0.57815798673093,0.992651781346504
meanH,item_MentS05,27,-0.105489439084557,0.600510197387202,-0.0984589369812708,0.625132643697836,0.992651781346504
wOS12,item_PID13,27,0.105419543142956,0.600752952439953,0.115403144882856,0.56651046038483,0.992651781346504
pTrialsSplit,PID_Deceitful,27,0.105412402182484,0.600777755997256,0.137811909652592,0.493035300116144,0.992651781346504
sig,item_MentS09,27,-0.105313560815447,0.601121118205616,-0.191553362365627,0.338493858509369,0.992651781346504
BIC,item_PID18,27,0.105271148959915,0.601268477035923,-0.0306066091509831,0.87954473844824,0.992651781346504
E0o,item_PID18,27,0.105265023358643,0.601289761534552,0.199539192127189,0.318349217738229,0.992651781346504
magTrust,item_PID11,27,-0.105196549911592,0.601527706512425,-0.229686102828684,0.24911576056443,0.992651781346504
wOS21,item_MentS12,27,-0.105087683626862,0.60190609852251,0.00783798594654103,0.969049298981741,0.992651781346504
wOS21,item_PID05,27,-0.105056901571993,0.602013107519582,-0.0308836028600572,0.878462520039535,0.992651781346504
meanKL,item_PID27,27,0.105043171644973,0.60206084005809,0.188302616704802,0.346908968955638,0.992651781346504
E0o,PID_Detachment,27,-0.10500512515486,0.602193118285118,-0.144379500094547,0.472451168251459,0.992651781346504
magTrust,MentS_Self,27,-0.104883558904736,0.602615856399637,-0.0757794645691716,0.707162023689491,0.992651781346504
wOS11,item_PID12,27,0.104787407736302,0.602950304147556,0.0319562360299366,0.874273754229544,0.992651781346504
magTrust,PID_Deceitful,27,0.104659345541519,0.603395871419606,0.0741471880640493,0.713204513294005,0.992651781346504
sllOther,PID_Anhedonia,27,-0.104636119212501,0.603476697756717,-0.0990036684677119,0.623210317049472,0.992651781346504
E0s,item_SAPAS02,27,0.104616096773022,0.60354637840228,0.114833850352643,0.568439209595249,0.992651781346504
meanKL,item_MentS08,27,-0.104489548942177,0.603986859509259,-0.205940495380628,0.302746145183559,0.992651781346504
endH,item_PID26,27,0.104488302396302,0.603991199095252,0.113032727082832,0.574560671666053,0.992651781346504
sllOther,item_MentS10,27,0.104436257538425,0.604172393996655,-0.0284572990716806,0.887949159013891,0.992651781346504
pTrialsSplit,item_LPFS09,27,-0.104290944248043,0.604678425470125,0.0186247538826053,0.926534814464784,0.992651781346504
E0o,item_PID03,27,0.104249577003363,0.604822513241584,0.0313080284728904,0.876804697153935,0.992651781346504
meanH,PID_Antagonism,27,-0.104225496096197,0.604906396989289,-0.0847420007261718,0.674300076499062,0.992651781346504
asymKL,MentS_Self,27,0.104173941716249,0.605085998650877,0.126094574647488,0.530847686889471,0.992651781346504
magSelf,PID_IntimacyAvoid,27,-0.10416550413738,0.605115395053516,-0.154719153979634,0.440967658015984,0.992651781346504
wOS22,item_LPFS10,27,-0.10413079012413,0.605236344493117,-0.147307567213576,0.463419479506762,0.992651781346504
wEx,item_SAPAS06,27,0.104099666730995,0.605344792254079,0.0833092311395296,0.679516309018428,0.992651781346504
meanH,item_SAPAS01,27,-0.104063247358728,0.605471703938372,-0.102939527446127,0.60939304624001,0.992651781346504
E0o,PID_Manipulative,27,-0.103929311818649,0.605938529326072,-0.064099322424436,0.750760885970561,0.992651781346504
asymKL,item_SAPAS07,27,-0.103921776008859,0.605964799492522,-0.0868062314643143,0.666810720447677,0.992651781346504
BIC,item_SAPAS04,27,-0.103712371240317,0.606694985018629,-0.146895954942339,0.464683624649062,0.992651781346504
E0o,SAPAS_total,27,-0.103705990562704,0.606717239963029,-0.0880591580329407,0.662280000733617,0.992651781346504
wOS11,LPFS_Interpers,27,0.103652179135827,0.606904940592962,0.0905346642889051,0.653362449609852,0.992651781346504
allocTrust,MentS_total,27,0.103597998989158,0.607093951954479,0.0718986136388713,0.721556131272824,0.992651781346504
endH,PID_Withdrawal,27,0.103306861023758,0.608110029967094,0.21303785055942,0.286014955953933,0.992651781346504
allocTrust,item_LPFS01,27,0.103287198667757,0.608178677667064,-0.0384868504343089,0.848846155919538,0.992651781346504
meanKL,LPFS_Interpers,27,-0.103079792465027,0.608902997713706,0.0224796955547281,0.911382816223046,0.992651781346504
sig,MentS_Other,27,0.102877021153662,0.609611479538176,0.0618578252044138,0.759218657115493,0.992651781346504
meanSwing,item_PID14,27,0.10269869823508,0.610234822823586,-0.0414845057939012,0.837222180849198,0.992651781346504
sig,item_LPFS08,27,-0.102383852510035,0.611336041238311,-0.118870892403466,0.55482598320377,0.992651781346504
D,item_PID29,27,-0.102363381895464,0.611407668769683,-0.170317436007089,0.395686844187266,0.992651781346504
allocSelf,item_PID29,27,-0.102363381895464,0.611407668769683,-0.170317436007089,0.395686844187266,0.992651781346504
magSelf,PID_Detachment,27,-0.102162219269833,0.612111730666304,-0.108053741008925,0.591633090758423,0.992651781346504
meanSwing,PID_Anxiousness,27,0.102013457256075,0.612632608710748,0.19767533674454,0.322983546191291,0.992651781346504
wOS12,PID_Anhedonia,27,-0.101934133028544,0.612910431144292,-0.0427012627576393,0.83251333399816,0.992651781346504
absAsym,MentS_total,27,0.101891607093335,0.613059394012225,0.116567539559191,0.562574736885102,0.992651781346504
meanBC,item_PID05,27,0.101822638418801,0.613301014279287,0.177331655131941,0.376219430165548,0.992651781346504
pTrialsSplit,MentS_total,27,0.101555961666272,0.614235642755286,0.0357972164251166,0.859302114901654,0.992651781346504
wEx,item_LPFS09,27,0.101552606560155,0.614247405227671,0.155255504272945,0.439365955670653,0.992651781346504
meanSwing,MentS_Other,27,0.101493933968106,0.614453117126655,0.112271952746011,0.577155071058665,0.992651781346504
E0diff,item_PID22,27,0.101414069346537,0.614733176122376,0.164180221453446,0.413178794719037,0.992651781346504
D,PID_Anhedonia,27,-0.101358156164041,0.61492927666386,-0.0597817678606951,0.767076389518373,0.992651781346504
allocSelf,PID_Anhedonia,27,-0.101358156164041,0.61492927666386,-0.0597817678606951,0.767076389518373,0.992651781346504
meanH,item_SAPAS04,27,0.101346931384521,0.614968647690903,0.0979306366282257,0.62699927462324,0.992651781346504
meanSwing,item_PID22,27,0.101024033213486,0.616101661539656,0.136545926753361,0.497054277012033,0.992651781346504
meanCarry,item_PID27,27,0.100971761793962,0.616285157005095,0.0121255472878092,0.952134246726411,0.992651781346504
meanH,item_PID13,27,-0.100856621245509,0.616689429889414,-0.00351643931776015,0.986111644686827,0.992651781346504
eta,item_SAPAS04,27,-0.100657369511334,0.617389285387092,0.0367239887355847,0.855696578521794,0.992651781346504
E0s,item_PID14,27,0.100460324657929,0.618081710215709,0.055085983103377,0.784931639110496,0.992651781346504
meanCarry,item_PID09,27,-0.100310533588799,0.618608296178612,-0.0509652535415894,0.800688624992561,0.992651781346504
magTrust,MentS_Motiv,27,-0.10030683296276,0.618621307945479,-0.159399777645369,0.427096180527287,0.992651781346504
pTrialsSplit,PID_Orderliness,27,0.100254268168124,0.618806143074295,0.132253305168756,0.510802496859633,0.992651781346504
absAsym,item_PID19,27,-0.100249018095239,0.618824605302802,-0.00586926829429183,0.976820989497499,0.992651781346504
meanKL,PID_Antagonism,27,-0.100226145553701,0.618905040741874,-0.0491257975224185,0.807747442326749,0.992651781346504
meanBC,item_LPFS12,27,0.100187376063267,0.619041390468746,0.23735251110596,0.233226336574826,0.992651781346504
pTrialsSplit,PID_Irresponsible,27,-0.100022413756624,0.61962168948495,0.111665308839135,0.579227557498274,0.992651781346504
wOS12,PID_Orderliness,27,0.100019277639644,0.619632723770886,-0.0970877629276074,0.629982022187679,0.992651781346504
magSelf,item_PID24,27,-0.0996037282655666,0.621095525935924,-0.0788651505105619,0.695786621502145,0.992651781346504
BIC,item_PID10,27,0.0994693973048682,0.621568694209532,-0.0106964012053971,0.957770541381267,0.992651781346504
magTrust,item_LPFS04,27,0.0991456526013515,0.622709658018171,-0.0263204606763153,0.896316551388935,0.992651781346504
sllSelf,item_PID10,27,0.0991415858209583,0.622723995867816,0.216267861871622,0.278598753188741,0.992651781346504
E0diff,item_MentS02,27,-0.0990647363856076,0.622994961640279,-0.0944294642553652,0.639426138077392,0.992651781346504
meanH,item_PID09,27,0.0989972949298779,0.62323279501098,0.109591950426032,0.58633542673185,0.992651781346504
magSelf,item_PID15,27,-0.0989639727445729,0.623350319845793,-0.180489710655755,0.367639045978374,0.992651781346504
meanH,PID_Distractible,27,-0.0988823160056822,0.623638355061706,-0.00657805261107673,0.974022725329688,0.992651781346504
meanKL,item_MentS11,27,-0.0987364452864185,0.624153032503378,-0.085652177266059,0.670994026347346,0.992651781346504
sllSelf,item_PID12,27,-0.0986816014232957,0.624346583329525,-0.103163066314035,0.608612139016919,0.992651781346504
asymKL,item_MentS09,27,0.0985775330187662,0.6247139205755,0.0750382593068656,0.709903755367386,0.992651781346504
absAsym,item_PID29,27,-0.0984584929794448,0.625134211533916,-0.0334552106442497,0.868425631700763,0.992651781346504
meanBC,item_PID26,27,-0.0984231705326298,0.625258945415015,-0.0253058344215296,0.900293454298671,0.992651781346504
meanBC,PID_Manipulative,27,-0.0983739928370631,0.625432622999968,-0.0982856277174686,0.62574474522612,0.992651781346504
absAsym,PID_Withdrawal,27,-0.0983618827919385,0.625475394232798,-0.00407278243716539,0.983914599676263,0.992651781346504
meanSwing,item_PID16,27,-0.0982783911795677,0.625770308829224,-0.0164109790081762,0.935247796387317,0.992651781346504
wOS11,item_PID25,27,-0.0982496004974642,0.625872018215597,-0.0340000459942624,0.866301659535239,0.992651781346504
magTrust,item_MentS07,27,-0.0982195419289865,0.625978213817828,-0.11348686666527,0.573014434158436,0.992651781346504
wOS11,item_LPFS08,27,0.0981551699672746,0.626205661623474,0.117242524014377,0.560298937502354,0.992651781346504
E0o,MentS_Other,27,0.097909303252416,0.627074698529651,0.0238152627036993,0.906140097811304,0.992651781346504
meanKL,item_PID16,27,-0.0978457265450365,0.627299494947781,-0.16057016715843,0.423665330382094,0.992651781346504
meanCarry,item_PID07,27,-0.0974988430770471,0.628526587417981,-0.114450592392255,0.569739330767292,0.992651781346504
wOS11,PID_Anxiousness,27,0.0974403204797304,0.628733704908971,0.0954079701006772,0.635943324668468,0.992651781346504
meanH,item_MentS12,27,-0.0974292073472411,0.62877303852688,-0.121488782171386,0.546079031291355,0.992651781346504
E0diff,item_PID15,27,0.0973881611058336,0.628918325414126,0.120776292364038,0.548453250048021,0.992651781346504
eta,MentS_Motiv,27,0.0973008806918625,0.629227307162942,0.0570613990014551,0.777406805240483,0.992651781346504
wOS22,PID_SepInsecurity,27,0.097169673700443,0.629691908207317,0.0479669728318211,0.812201963878421,0.992651781346504
sllSelf,item_PID09,27,-0.0968976061329628,0.630655731598172,-0.158891672806132,0.428590341756171,0.992651781346504
wOS11,item_PID16,27,0.0967660041394516,0.631122155130089,0.0897777086917873,0.656084383287356,0.992651781346504
wOS12,MentS_Motiv,27,-0.0964688493923768,0.632175837500555,-0.134590473731693,0.503294070078553,0.992651781346504
E0diff,item_PID03,27,-0.0964597701310973,0.632208042747143,0.116760529716544,0.561923617675696,0.992651781346504
sllSelf,item_PID01,27,-0.096424880323521,0.632331807240506,-0.0363369373713235,0.857202032505189,0.992651781346504
meanKL,item_MentS05,27,0.0963716728461482,0.632520568551455,0.11076630410393,0.582304854626684,0.992651781346504
sig,item_LPFS02,27,-0.0963359180747672,0.632647426459193,-0.0832039044562023,0.679900340448624,0.992651781346504
meanSwing,item_MentS02,27,-0.0962408095833089,0.632984920705084,-0.252868162670408,0.203170770738575,0.992651781346504
pTrialsSplit,PID_Disinhibition,27,-0.0959639621260265,0.633967727082877,0.00396484700222129,0.984340837173995,0.992651781346504
wOS22,item_LPFS12,27,0.0959123779212103,0.634150917672867,-0.0406890019038789,0.840303751117032,0.992651781346504
wOS12,item_PID15,27,-0.0958221909555221,0.634471248496242,-0.227383299031737,0.254023930106479,0.992651781346504
E0diff,item_MentS08,27,0.095786953249761,0.634596425102141,0.18131717528077,0.365409909010738,0.992651781346504
wOS12,item_SAPAS03,27,0.0956332448799146,0.63514256544108,0.135377500601736,0.500778031403265,0.992651781346504
endH,item_MentS05,27,-0.0953783468253736,0.636048652977139,-0.00744919589003036,0.970583886142108,0.992651781346504
asymKL,SAPAS_total,27,-0.0953052459358336,0.636308599536103,-0.0334872854491465,0.868300567264487,0.992651781346504
meanCarry,item_PID17,27,-0.0950888182712542,0.637078462084819,-0.102855308961687,0.609687362192609,0.992651781346504
wEx,item_LPFS01,27,-0.0949688950288485,0.637505203731672,-0.130263186085353,0.517238992716982,0.992651781346504
D,item_MentS11,27,-0.0949316085515712,0.637637909037487,-0.109100682068934,0.588025132764494,0.992651781346504
allocSelf,item_MentS11,27,-0.0949316085515712,0.637637909037487,-0.109100682068934,0.588025132764494,0.992651781346504
E0diff,item_MentS10,27,-0.0947828519202243,0.638167453272101,-0.0565912197448194,0.779196082074544,0.992651781346504
asymKL,item_SAPAS08,27,-0.0946614792646112,0.638599644361779,-0.0951676267894988,0.636798086881815,0.992651781346504
E0s,item_PID10,27,-0.0946476216745333,0.638648996639392,-0.0661839824583944,0.742920031099177,0.992651781346504
pTrialsSplit,item_LPFS11,27,0.0945911369429088,0.638850176316389,0.201322332904391,0.313954049929343,0.992651781346504
eta,item_LPFS10,27,-0.0945794151874182,0.638891928405734,0.0474456888264586,0.814207649771254,0.992651781346504
endH,PID_Grandiosity,27,0.093974608961293,0.641047661904742,0.00519097619362539,0.979499122263475,0.993305422453284
wOS21,item_SAPAS08,27,-0.0938542613708024,0.641476961191671,0.00951676267894988,0.962424328136091,0.993305422453284
magSelf,PID_Rigidity,27,-0.0935812765215043,0.642451159172814,-0.0591454658085689,0.769489295437679,0.993305422453284
wOS21,item_PID08,27,-0.0935181094052611,0.642676665299294,0.0552038578249115,0.784482089039376,0.993305422453284
wEx,LPFS_total,27,0.093514535230845,0.642689425999054,0.055105085335903,0.784858782527694,0.993305422453284
E0s,item_PID19,27,-0.0932385741354863,0.643674974934473,-0.0899954471791413,0.655300977217721,0.993305422453284
meanH,SAPAS_total,27,0.0932008326698424,0.643809808052789,0.169296831992907,0.398566217011005,0.993305422453284
E0diff,MentS_Other,27,-0.0931909628877046,0.643845070117817,0.0442283450211559,0.826611520092125,0.993305422453284
sig,PID_Anankastia,27,0.0931313512386631,0.644058062430008,0.115985725712122,0.564539753425648,0.993305422453284
endH,LPFS_Self,27,0.0930203391470813,0.644454781539616,0.112780545701297,0.575420088774832,0.993305422453284
meanKL,item_PID11,27,-0.0927296222642252,0.645494154071839,-0.106282317623962,0.597759376561162,0.993305422453284
wOS12,item_LPFS04,27,-0.0921205817214831,0.647673705078849,-0.137524407033747,0.49394656651557,0.993305422453284
asymKL,PID_Manipulative,27,0.0920724283998197,0.647846150884719,0.0986143421914401,0.624583982754423,0.993305422453284
meanBC,item_PID11,27,0.0919483159081513,0.648290702048796,0.222256031991751,0.265177577009975,0.993305422453284
BIC,item_LPFS01,27,0.0918105541469697,0.648784280535854,0.0980263370036244,0.626660972074812,0.993305422453284
endH,SAPAS_total,27,0.0916535109878758,0.649347117845062,0.119065903819187,0.554172197618366,0.993305422453284
meanCarry,item_PID03,27,-0.0916012535933828,0.649534448246064,-0.257830822717921,0.194143945759399,0.993305422453284
meanKL,item_PID12,27,-0.0915345377316898,0.649773639060274,-0.115320330021076,0.566790850929292,0.993305422453284
magTrust,item_LPFS08,27,0.0913422507136015,0.650463219152443,0.0713225354420795,0.72370085872876,0.993305422453284
endH,item_MentS12,27,-0.0912776104402228,0.650695095357687,-0.184192669743714,0.357725309691275,0.993305422453284
magTrust,item_PID30,27,-0.0912330132332418,0.650855092004625,-0.244096293885774,0.219819154012144,0.993305422453284
sig,item_LPFS05,27,0.0911483796586667,0.651158764371741,0.198844994753463,0.320070483646287,0.993305422453284
wOS12,item_MentS11,27,-0.0910985530268923,0.65133757192142,-0.083372461521335,0.679285802318242,0.993305422453284
sllOther,item_LPFS04,27,0.0908028376271355,0.652399161522437,0.0138182418550655,0.945461491219594,0.993305422453284
BIC,item_SAPAS07,27,0.0906658088424293,0.652891305885126,0.0651046735982357,0.746976474052669,0.993305422453284
pTrialsSplit,item_MentS08,27,0.0903752050691761,0.653935490034792,-0.106174915189967,0.598131684880774,0.993305422453284
meanCarry,item_LPFS11,27,-0.0901783616723243,0.654643140184652,-0.141231866497994,0.482260610987942,0.993305422453284
meanBC,item_PID03,27,0.0901002303517628,0.654924102342663,0.105342307567608,0.601021247106164,0.993305422453284
sllSelf,PID_Withdrawal,27,-0.09003588132379,0.655155537482074,-0.0504398440295098,0.802703324386811,0.993305422453284
meanKL,item_MentS07,27,0.0899901634401467,0.655319983487597,0.101644758839329,0.613924367745468,0.993305422453284
E0o,item_SAPAS01,27,-0.0897643846897282,0.656132333545018,-0.102939527446127,0.60939304624001,0.993305422453284
wEx,PID_Distractible,27,0.0896777426733999,0.656444172217795,0.10994745078514,0.585114011073975,0.993305422453284
asymKL,item_MentS11,27,0.0893603740730466,0.657586912784885,0.138411313072529,0.4911381571043,0.993305422453284
asymKL,item_LPFS01,27,-0.0892569246945416,0.657959562714751,-0.208881624152018,0.295740172856147,0.993305422453284
endH,item_SAPAS08,27,0.0892409613771248,0.658017073590906,0.0380670507157995,0.850476531202827,0.993305422453284
magSelf,item_MentS09,27,0.0891103571261379,0.658487671475167,0.0655397454705535,0.745340514310596,0.993305422453284
wOS12,PID_Perfectionism,27,-0.0890870220973759,0.658571766457596,-0.281183943894765,0.155377314787607,0.993305422453284
wOS21,item_SAPAS04,27,-0.08901308750112,0.658838239368509,0,1,0.993305422453284
wOS11,item_PID23,27,0.0887191131874807,0.659898174970357,0.214706972454162,0.282167122688299,0.993305422453284
BIC,PID_EmotLability,27,0.0886374152357233,0.660192853960665,0.0555370699639844,0.783211651563942,0.993305422453284
sllSelf,item_PID19,27,0.0885075390633694,0.660661410358395,0.0958647154734332,0.63432019965951,0.993305422453284
absAsym,item_PID24,27,-0.0885048288134282,0.660671189502227,-0.130143725739652,0.517626604160653,0.993305422453284
eta,item_MentS12,27,0.0883042842072268,0.661394946813592,-0.0774001112220926,0.701179666568923,0.993305422453284
eta,item_LPFS04,27,-0.0882875869912483,0.661455219794416,-0.19871947810618,0.320382311274488,0.993305422453284
wOS21,item_MentS01,27,-0.0882217630946395,0.661692848476612,0.0899315931986525,0.655530682004081,0.993305422453284
meanH,item_PID28,27,-0.0880228037937836,0.662411299293104,-0.0367136429902353,0.855736812384444,0.993305422453284
wOS11,item_MentS11,27,0.0879896724025395,0.662530966556815,0.115288481947471,0.566898697214657,0.993305422453284
pTrialsSplit,item_PID13,27,0.0879792539488228,0.662568598638561,0.0849771102447751,0.673445515533459,0.993305422453284
meanKL,item_PID04,27,-0.0879363717618305,0.662723500095758,-0.00736242083212916,0.970926408761297,0.993305422453284
meanSwing,item_SAPAS04,27,0.0878692626803275,0.662965942482526,0.146895954942339,0.464683624649062,0.993305422453284
meanSwing,MentS_total,27,0.0878139479549389,0.66316580077064,0.0572129393636976,0.776830350836525,0.993305422453284
meanKL,item_PID15,27,-0.0876479994803199,0.663765526142509,0.0290132992829812,0.885773867570709,0.993305422453284
wEx,item_LPFS04,27,0.0876459651174894,0.663772879432918,-0.0430997543574663,0.830972389564875,0.993305422453284
wOS12,PID_IntimacyAvoid,27,-0.0875376573546479,0.664164406279893,-0.084867046486719,0.673845519032588,0.993305422453284
BIC,item_MentS12,27,-0.0875055636560581,0.6642804398369,-0.00391899297327051,0.984521916208403,0.993305422453284
E0s,item_LPFS09,27,0.0874309550983712,0.664550213448309,0.0873732275129125,0.664758975929286,0.993305422453284
sig,item_PID27,27,0.0874159802624269,0.664604365176658,0.0798859586020371,0.692037362615143,0.993305422453284
pTrialsSplit,PID_EmotLability,27,0.08739498441618,0.664680292739165,0.170999944789671,0.393767920290283,0.993305422453284
meanBC,PID_Deceitful,27,0.0870549835568758,0.665910291526981,0.143932776830213,0.473837045939347,0.993305422453284
D,PID_Perfectionism,27,-0.0867896000753993,0.666870938574426,-0.259724338749037,0.190773713324443,0.993305422453284
allocSelf,PID_Perfectionism,27,-0.0867896000753993,0.666870938574426,-0.259724338749037,0.190773713324443,0.993305422453284
D,item_PID15,27,-0.0866756201557236,0.667283685733302,-0.197695271858454,0.32293376183699,0.993305422453284
allocSelf,item_PID15,27,-0.0866756201557236,0.667283685733302,-0.197695271858454,0.32293376183699,0.993305422453284
BIC,MentS_Motiv,27,-0.0866105099172748,0.667519507104069,-0.01302488455468,0.948588557429085,0.993305422453284
meanCarry,item_PID10,27,0.0865769283893931,0.667641147365188,0.0828971093418274,0.681019389482928,0.993305422453284
wOS12,item_PID20,27,-0.0863621558388304,0.668419298208471,-0.0978211382381971,0.627386443726312,0.993305422453284
endH,item_LPFS03,27,0.0863071185299416,0.668618759914318,0.134341029847124,0.504092820423062,0.993305422453284
magSelf,PID_Anhedonia,27,-0.0863006514382591,0.668642198859959,-0.104697170168731,0.603264253593411,0.993305422453284
wOS21,item_LPFS04,27,-0.0859018786727194,0.670088072238417,0.0707362380675973,0.725885724556338,0.993305422453284
meanH,item_PID14,27,0.0857897213362358,0.670494940234186,0.242106296108669,0.223720196310673,0.993305422453284
meanCarry,item_PID21,27,-0.0855047462019926,0.671529139243195,-0.0740765082873397,0.713466546199796,0.993305422453284
wOS12,item_MentS09,27,0.0854243847626146,0.671820883384133,0.11999789146541,0.551052558803754,0.993305422453284
meanKL,item_PID25,27,-0.0854142304866988,0.671857750766915,0.0700817274575613,0.72832726507977,0.993305422453284
meanSwing,item_PID12,27,-0.0853369119397226,0.67213849743568,-0.100036912789367,0.619570676338471,0.993305422453284
meanSwing,PID_Grandiosity,27,0.0853283470804035,0.672169599416123,0.0171951086413841,0.932160732882715,0.993305422453284
sig,item_PID21,27,0.0852343808001334,0.672510858206064,0.0763019827852426,0.705231357024558,0.993305422453284
E0s,item_SAPAS01,27,0.0852077955141748,0.672607419895174,0.114377252717919,0.569988271699036,0.993305422453284
wOS11,PID_Grandiosity,27,0.0851641803143569,0.672765847725866,-0.0116796964356571,0.953892373463312,0.993305422453284
pTrialsSplit,PID_Rigidity,27,0.0851008881670781,0.672995774337962,0.0711418467811438,0.724373979529492,0.993305422453284
sllOther,MentS_Other,27,-0.0850330602066917,0.673242210424311,-0.165778971547829,0.4085812539866,0.993305422453284
meanH,MentS_Self,27,-0.0848793877353593,0.673800663058136,-0.0457131183028606,0.820882018661187,0.993305422453284
allocTrust,item_SAPAS07,27,0.0848674676087257,0.673843988388494,0.0542538946651964,0.788106962103816,0.993305422453284
pTrialsSplit,item_PID27,27,0.0846925456306345,0.674479882954216,0.280377367812676,0.156616337372759,0.993305422453284
wOS11,PID_Anhedonia,27,0.0846631113376708,0.674586907022315,0.0224577011540177,0.911469185323235,0.993305422453284
wOS11,item_MentS05,27,0.084658395837895,0.674604053310581,0.0997544493099718,0.620564800184126,0.993305422453284
E0diff,item_LPFS04,27,0.0845968089315852,0.674828007407202,0.0180953167149667,0.928617859893199,0.993305422453284
meanBC,item_PID02,27,0.0845837735731799,0.674875412539248,-0.00608276557168177,0.975978077505711,0.993305422453284
meanBC,PID_Irresponsible,27,0.0841882031641817,0.676314541729888,0.197284996622256,0.32395929639389,0.993751562092831
eta,PID_Disinhibition,27,-0.0840677373329467,0.676753030651109,0.0404851696776726,0.841093714595482,0.993751562092831
meanH,LPFS_Self,27,0.0840510973250957,0.676813607442963,0.078149562918018,0.698419029557123,0.993751562092831
endH,item_PID03,27,0.0839514457115198,0.677176423272285,0.0721926303610178,0.720462303258898,0.993751562092831
magSelf,item_LPFS06,27,-0.0839385755148987,0.677223286759559,-0.0904980543620288,0.653493995874028,0.993751562092831
E0s,item_LPFS11,27,-0.0835560472061842,0.678616699248,-0.00719236357165713,0.971597681378294,0.995184450635253
magTrust,item_SAPAS04,27,0.0829101005240571,0.680971990176372,0.146895954942339,0.464683624649062,0.995184450635253
absAsym,PID_Orderliness,27,-0.0828749865932118,0.681100108717626,-0.239332624891311,0.229234576100995,0.995184450635253
meanSwing,LPFS_total,27,-0.0826923825637275,0.681766506554745,-0.0324507724755873,0.87234363434097,0.995184450635253
magTrust,PID_Distractible,27,0.0826231226680532,0.682019325629216,0.138139104832611,0.491999253891826,0.995184450635253
meanBC,item_PID13,27,0.0825048905014537,0.682450985362353,0.106771884739263,0.596063555646003,0.995184450635253
sllOther,item_SAPAS05,27,0.0824673036961855,0.682588233345527,0.0976570103973536,0.627966954339495,0.995184450635253
meanSwing,item_PID25,27,-0.0823982872034397,0.682840272286048,-0.0836123580062984,0.678411514468701,0.995184450635253
allocTrust,item_MentS12,27,0.0823327332615576,0.683079697194665,0.076420362978775,0.704794197779099,0.995184450635253
magSelf,item_SAPAS03,27,-0.0821466355366085,0.683759551291093,0.0104136538924412,0.958885889095123,0.995184450635253
E0o,item_PID16,27,0.0821445608333261,0.683767131975759,0.0781934882154277,0.6982573445607,0.995184450635253
magTrust,item_LPFS09,27,0.0812229301403618,0.687137594595172,0.0604891575089394,0.764396400721239,0.995184450635253
eta,item_LPFS05,27,-0.0811743490993411,0.687315421297325,0.0356818098252543,0.859751289766574,0.995184450635253
meanBC,PID_Impulsivity,27,-0.0809507733024974,0.688134010356229,0.0517641317494589,0.797627688361922,0.995184450635253
absAsym,item_PID04,27,-0.0802498544357421,0.69070253901166,-0.0246481045249541,0.902872737125491,0.995184450635253
pTrialsSplit,item_SAPAS08,27,0.0799495600056874,0.691803998386374,0.0586046722930171,0.771541674874703,0.995184450635253
meanCarry,PID_Disinhibition,27,-0.0798957462270657,0.69200144838813,-0.135362628387943,0.500825518162055,0.995184450635253
meanH,item_SAPAS07,27,-0.0798814802696968,0.69205379540301,-0.0325523367991178,0.871947328166305,0.995184450635253
wEx,item_PID23,27,0.0798238386558354,0.692265317624038,0.0906164860121503,0.653068485522365,0.995184450635253
E0o,item_MentS05,27,-0.0797751424723554,0.69244403116447,-0.00518204931480373,0.979534370189244,0.995184450635253
meanKL,item_PID03,27,-0.0796515828185006,0.69289756351047,-0.0861891607371335,0.669046326824808,0.995184450635253
meanH,item_LPFS04,27,-0.0795933346582687,0.693111402356703,-0.0921216123671035,0.647670014343292,0.995184450635253
wOS11,MentS_Other,27,0.0794652001213227,0.693581886656486,0.0878381117902676,0.663078491362907,0.995184450635253
magSelf,item_MentS12,27,0.0794503053663305,0.693636584404751,0.0587848945990577,0.770857541068898,0.995184450635253
BIC,item_MentS08,27,0.0792847719696005,0.694244570597196,0.0294200707686611,0.884182928276292,0.995184450635253
magSelf,PID_Perfectionism,27,-0.0791428075167279,0.694766137767661,-0.224063524315694,0.261210083946637,0.995184450635253
pTrialsSplit,PID_Detachment,27,-0.0790702051379577,0.695032926114137,0.0447075512363058,0.824761378535788,0.995184450635253
wEx,item_MentS12,27,0.0790008047314295,0.695287981471937,0.0930760831151747,0.644255559844429,0.995184450635253
sllSelf,item_SAPAS01,27,0.0789441415301297,0.695496249976391,0.102939527446127,0.60939304624001,0.995184450635253
pTrialsSplit,item_MentS04,27,-0.0789141979820448,0.695606317733286,-0.221740448936736,0.266316397467426,0.995184450635253
wOS11,item_LPFS07,27,0.0789002214817747,0.69565769520316,0.0370479250796158,0.854436991862114,0.995184450635253
wOS21,item_SAPAS01,27,-0.0788991047296711,0.69566180042887,0.0457509010871677,0.820736336641471,0.995184450635253
meanCarry,item_PID04,27,0.0788755849732926,0.695748261945271,0.00928305235355416,0.963346485077096,0.995184450635253
wOS21,item_LPFS10,27,-0.0788040232921946,0.696011354311158,-0.0284674132958751,0.887909581069673,0.995184450635253
sig,item_LPFS12,27,0.0786994808862035,0.696395760116071,0.0440797520625355,0.827185398702616,0.995184450635253
absAsym,item_PID23,27,-0.0783206926757031,0.697789189109389,-0.200505881362706,0.315961805657337,0.995184450635253
magSelf,PID_Anankastia,27,-0.0782922623291404,0.697893813044031,-0.241201084770037,0.225509982188192,0.995184450635253
wOS12,item_PID29,27,-0.0779908362888286,0.699003394762429,-0.127738077005317,0.525462081287318,0.995184450635253
eta,PID_Detachment,27,-0.0777389574595919,0.699931051013081,-0.0372492953335611,0.853654163650212,0.995184450635253
meanBC,PID_Detachment,27,0.077656725583041,0.700233997704031,0.0677259915155656,0.737136217629541,0.995184450635253
meanSwing,LPFS_Self,27,-0.0774212337289729,0.701101809996107,-0.0707943099374987,0.725669223138916,0.995184450635253
magTrust,item_PID24,27,0.077390347801044,0.701215655077813,0.101258958680228,0.615277248873795,0.995184450635253
meanKL,item_LPFS09,27,-0.0772270031046561,0.701817845912324,0.0769556503863729,0.702818610368273,0.995184450635253
meanBC,item_MentS08,27,-0.0770388710586889,0.702511636247946,-0.123116600499288,0.540672691782068,0.995184450635253
meanH,item_PID07,27,-0.077025616361161,0.702560525488974,-0.0259677814671503,0.897698631376534,0.995184450635253
meanCarry,PID_Rigidity,27,-0.0770021594816998,0.702647047761186,-0.0866840953913946,0.667252991727683,0.995184450635253
D,item_MentS09,27,0.076843338075471,0.703232966240017,0.0661729797263076,0.742961349871043,0.995184450635253
allocSelf,item_MentS09,27,0.076843338075471,0.703232966240017,0.0661729797263076,0.742961349871043,0.995184450635253
E0s,item_PID13,27,-0.0767259159456715,0.703666262338072,0.02173798850979,0.914295937711777,0.995184450635253
pTrialsSplit,item_MentS03,27,0.076359621639524,0.705018494473801,-0.0339800883074869,0.866379446173954,0.995184450635253
wOS11,item_PID21,27,0.0760257717329152,0.706251715613593,0.0772557575700582,0.701711826189062,0.995184450635253
meanSwing,item_PID05,27,0.0759542341244829,0.706516065491632,0.127851474205613,0.525091459138031,0.995184450635253
pTrialsSplit,PID_SepInsecurity,27,0.0759472291370421,0.70654195251013,0.229687898070512,0.24911195865263,0.995184450635253
pTrialsSplit,item_MentS01,27,0.075912633093427,0.706669807292815,0.0256188387226209,0.899066355648487,0.995184450635253
eta,item_PID13,27,0.0755642808445644,0.707957626789089,0.118599907899001,0.55573505948767,0.995184450635253
E0diff,PID_Disinhibition,27,0.0755534030082162,0.70799785358549,0.226840569033677,0.255189829580869,0.995184450635253
endH,PID_Detachment,27,0.075542987623042,0.708036370930434,0.152691326326002,0.447051646753672,0.995184450635253
eta,PID_NegAffect,27,-0.0754852614492977,0.708249861959806,-0.115338812474774,0.566728268520972,0.995184450635253
wOS11,MentS_total,27,-0.0754263695544131,0.708467686398882,-0.0639438734064856,0.751346543007817,0.995184450635253
pTrialsSplit,PID_Anhedonia,27,-0.0753443781043352,0.708770986820254,0.0409043265465638,0.839469412064172,0.995184450635253
endH,item_SAPAS05,27,-0.0752442598527679,0.709141400158227,0.0108507789330393,0.957161603239265,0.995184450635253
wOS22,item_PID03,27,0.0751161810103562,0.709615355025581,-0.0313080284728904,0.876804697153935,0.995184450635253
pTrialsSplit,item_PID05,27,0.0749497233854734,0.710231487917639,0.171777903912003,0.391587093341534,0.995184450635253
E0o,item_LPFS09,27,0.0744805668809083,0.711968998263714,0.0373016471305127,0.853450667808405,0.995184450635253
E0o,PID_Anxiousness,27,0.074440419414963,0.712117748842407,0.0208899803815208,0.917627888668118,0.995184450635253
magTrust,item_MentS08,27,-0.0743989678339093,0.712271342093025,-0.142943169930342,0.476914575144299,0.995184450635253
wOS11,item_PID04,27,-0.0743362718980687,0.712503674253847,-0.0665818927427333,0.741426218872265,0.995184450635253
meanH,item_PID05,27,0.0741622054754166,0.713148842958514,0.076710884523368,0.703721735890719,0.995184450635253
magTrust,item_PID17,27,0.0739692251984563,0.713864340106316,-0.0104598619283071,0.958703607954742,0.995184450635253
eta,PID_Orderliness,27,-0.0737937205222193,0.71451524953608,0.0170951874922365,0.932554063131289,0.995184450635253
wOS12,item_PID14,27,-0.0737780340313945,0.714573436885008,-0.0618867217581149,0.759109448164551,0.995184450635253
meanH,item_PID26,27,0.0736604098213132,0.71500980082983,0.0253058344215296,0.900293454298671,0.995184450635253
pTrialsSplit,item_MentS11,27,0.0735593067311183,0.715384944377732,0.0354307443179465,0.860728610608435,0.995184450635253
eta,item_SAPAS07,27,-0.0732574638674026,0.716505317476698,-0.075955452531275,0.706511562886657,0.995184450635253
E0s,item_MentS09,27,-0.0731047402388191,0.717072411822874,-0.123480679872057,0.539466951371768,0.995184450635253
D,item_PID05,27,-0.0730609600183326,0.717235003830914,-0.201573622968331,0.313337685293439,0.995184450635253
allocSelf,item_PID05,27,-0.0730609600183326,0.717235003830914,-0.201573622968331,0.313337685293439,0.995184450635253
endH,item_MentS09,27,-0.0728432939020097,0.71804355575802,-0.204534664608587,0.306131203239177,0.995184450635253
meanKL,item_PID01,27,0.0727599220456515,0.718353331017969,0.123159708081566,0.540529864222162,0.995184450635253
wOS12,PID_Rigidity,27,-0.0726892977676608,0.718615775557579,-0.115787419836881,0.565210218694302,0.995184450635253
eta,PID_Deceitful,27,-0.0725867428949006,0.718996931781755,-0.0283503954362542,0.888367499364838,0.995184450635253
endH,item_PID08,27,0.0725477200946283,0.719141981456496,0.0515236006365841,0.798548988734291,0.995184450635253
D,PID_IntimacyAvoid,27,-0.0725450594172264,0.719151871671549,-0.0943329862871608,0.639769939771897,0.995184450635253
allocSelf,PID_IntimacyAvoid,27,-0.0725450594172264,0.719151871671549,-0.0943329862871608,0.639769939771897,0.995184450635253
pTrialsSplit,item_PID28,27,-0.0724107334400979,0.719651242752098,-0.0804401531137318,0.690004854370327,0.995184450635253
meanSwing,PID_Orderliness,27,-0.0723474088912301,0.719886697451893,-0.068380749968946,0.734684529675753,0.995184450635253
E0o,item_PID21,27,0.0723230586857493,0.719977243550276,0.0400585409622524,0.842747623951543,0.995184450635253
E0diff,PID_SepInsecurity,27,0.0723014986167073,0.720057417619899,0.102604849170054,0.610562987021992,0.995184450635253
sllSelf,item_MentS03,27,-0.0720848923969571,0.72086305773459,-0.195320474944282,0.328897409984989,0.995184450635253
BIC,item_SAPAS08,27,0.0719703780863333,0.721289097179964,0.0190335253578998,0.924926845049078,0.995184450635253
sllOther,PID_Grandiosity,27,-0.0719370945177113,0.721412940719007,-0.107712756017727,0.592810246538259,0.995184450635253
asymKL,item_SAPAS06,27,-0.0718535847243359,0.721723699242344,-0.0728955772470884,0.717849314708659,0.995184450635253
magSelf,item_LPFS11,27,-0.0717192681997823,0.722223611336446,-0.0493657681509194,0.806825721267476,0.995184450635253
sllOther,item_MentS07,27,-0.0716556251328691,0.722460523083259,-0.148026347824265,0.461216277341904,0.995184450635253
wOS11,item_PID05,27,0.0716319644371779,0.722548606553431,0.163384221582238,0.415478536014892,0.995184450635253
magSelf,item_MentS03,27,0.0715562946421734,0.722830331415201,0.0974938656876913,0.628544201843365,0.995184450635253
pTrialsSplit,item_LPFS12,27,0.071298576145603,0.723790102951562,0.179049421380652,0.371537999158319,0.995184450635253
meanSwing,LPFS_Interpers,27,-0.0712179750450177,0.724090353933161,-0.0471149783544302,0.815480681071632,0.995184450635253
D,MentS_Motiv,27,-0.0711833052555592,0.724219516267864,-0.113812681703989,0.571906254203034,0.995184450635253
allocSelf,MentS_Motiv,27,-0.0711833052555592,0.724219516267864,-0.113812681703989,0.571906254203034,0.995184450635253
E0s,PID_Withdrawal,27,-0.0711462991123183,0.72435739082147,0.000626581913410059,0.997525169395859,0.995184450635253
endH,item_MentS07,27,-0.0710617523461845,0.72467241993887,0.0217105310142255,0.914403800483053,0.995184450635253
meanBC,item_PID22,27,0.0710198395244794,0.724828607237674,0.167106205598161,0.404786333591799,0.995184450635253
sllSelf,item_SAPAS06,27,-0.0709334332338133,0.725150632477293,0.0104136538924412,0.958885889095123,0.995184450635253
pTrialsSplit,MentS_Self,27,-0.0708781247166227,0.725356784230174,-0.250172882588325,0.208191641730729,0.995184450635253
pTrialsSplit,item_SAPAS06,27,-0.0708715959663907,0.725381120111357,0.0374078661716308,0.853037813590592,0.995184450635253
endH,MentS_total,27,-0.0708710514545756,0.725383149787962,-0.138902002519351,0.489587843774804,0.995184450635253
meanBC,item_PID07,27,0.070852743307825,0.72545139475518,0.0557826416701747,0.782275707580424,0.995184450635253
wEx,item_LPFS03,27,-0.0707686919187678,0.725764728762423,-0.0378241734521029,0.851420067620986,0.995184450635253
E0o,item_LPFS08,27,-0.0706565635204363,0.726182797733379,-0.11691685033656,0.561396466569335,0.995184450635253
E0s,item_PID01,27,0.070655320144685,0.726187434069771,0.183292515943844,0.360120585981657,0.995184450635253
absAsym,PID_Distractible,27,-0.0706218649766451,0.726312186227261,-0.146283360446325,0.46656835568345,0.995184450635253
E0s,item_SAPAS07,27,0.0705885562221975,0.726436399186643,0.15191090506255,0.449404986180836,0.995184450635253
meanKL,PID_IntimacyAvoid,27,0.0704143457435771,0.727086164118504,0.247093669963255,0.214030238505487,0.995184450635253
meanBC,item_PID08,27,0.0702408585021036,0.727733414660871,0.152228820062635,0.448445527053542,0.995184450635253
magTrust,item_LPFS02,27,0.0700301993766068,0.728519592079687,-0.0354745329076831,0.860558140634856,0.995184450635253
magTrust,item_MentS06,27,-0.069559641460955,0.730276676048977,-0.0691319634392945,0.731874798306236,0.995184450635253
magTrust,item_SAPAS03,27,-0.0694694375277405,0.73061365363763,-0.0624819233546472,0.756861004303981,0.995184450635253
meanH,PID_Rigidity,27,-0.0693873698926714,0.730920278612145,0.00406820664291744,0.983932669420795,0.995184450635253
E0o,item_PID06,27,0.0693841302403333,0.730932383582496,0.0391573639606495,0.84624334487457,0.995184450635253
BIC,item_PID27,27,-0.0693432180000903,0.731085257697473,-0.122682007853128,0.542113607839242,0.995184450635253
BIC,item_PID09,27,0.0692015362994307,0.731614747948871,0.106927100567648,0.5955263305383,0.995184450635253
meanCarry,item_PID25,27,-0.069139501210601,0.731846622128122,0.0187347192213283,0.926102219878613,0.995184450635253
wOS11,PID_Perfectionism,27,0.0689065463612837,0.732717563670045,0.204181831313034,0.306984461065787,0.995184450635253
asymKL,item_MentS06,27,-0.068870073527323,0.732853952879407,-0.00775311739506107,0.969384273323563,0.995184450635253
wOS22,item_PID12,27,0.0688249226564924,0.733022804347704,-0.0420293973871993,0.835112764843328,0.995184450635253
allocTrust,item_MentS09,27,-0.0687588473570244,0.733269929108222,-0.0658563625984306,0.744150645599125,0.995184450635253
meanH,PID_Disinhibition,27,0.0686058773682371,0.733842143668171,0.0655179845165388,0.745422314436906,0.995184450635253
endH,PID_Perfectionism,27,0.0682563543886503,0.73515012405432,0.0684813870091628,0.734307926977014,0.995184450635253
wOS12,item_PID05,27,-0.0681428029534551,0.735575210155397,-0.210871912001466,0.291057457530492,0.995184450635253
magSelf,item_MentS11,27,-0.0681141829172336,0.735682362847701,-0.0745792722202567,0.71160332835871,0.995184450635253
allocTrust,item_PID11,27,0.0681136932889835,0.735684196045494,0.036181214510285,0.857807861560893,0.995184450635253
wOS12,PID_Detachment,27,-0.0680229321012562,0.736024035816733,-0.0360179136696417,0.858443256665666,0.995184450635253
sllSelf,PID_Anankastia,27,-0.0680200207237762,0.736034937775513,-0.0962958412410988,0.632789631099358,0.995184450635253
meanSwing,PID_Deceitful,27,0.0677949370492664,0.736877938105383,0.0339581659621066,0.866464891622551,0.995184450635253
wOS21,item_PID26,27,-0.067785718315702,0.736912471144006,-0.0312105291198865,0.877185488783679,0.995184450635253
meanCarry,PID_Distractible,27,-0.0677803532477529,0.736932568721778,-0.17416177389327,0.384947458349538,0.995184450635253
E0o,item_PID07,27,-0.0673864964458051,0.738408419182765,-0.132724216387657,0.509285233820529,0.995184450635253
meanKL,item_LPFS06,27,-0.0673085498850038,0.738700606068539,-0.0476644556782216,0.813365785158845,0.995184450635253
wOS11,item_PID14,27,-0.0671159638873128,0.739422676857303,0.0285631023498992,0.887535153475713,0.995184450635253
allocTrust,item_PID03,27,0.0669655625644035,0.73998673287766,-0.0872941499773531,0.665044986665325,0.995184450635253
E0diff,item_LPFS05,27,0.0669378316211068,0.74009074767002,0.0155702442873837,0.938558724423283,0.995184450635253
eta,item_PID14,27,-0.0668869296115023,0.740281685417839,-0.0455649489867439,0.821453382539365,0.995184450635253
D,MentS_total,27,0.0665896041383685,0.741397278200539,0.0492581991313118,0.807238860067977,0.995184450635253
allocSelf,MentS_total,27,0.0665896041383685,0.741397278200539,0.0492581991313118,0.807238860067977,0.995184450635253
E0o,PID_SepInsecurity,27,0.066341164860249,0.742329836938047,0.152477794432279,0.447694891835839,0.995184450635253
sllSelf,item_PID05,27,-0.0662888305810291,0.742526327809092,-0.0259023765923061,0.897954972272501,0.995184450635253
E0o,PID_NegAffect,27,0.0662640463721545,0.742619386478654,0.0484668414122719,0.810279761106935,0.995184450635253
magTrust,item_MentS11,27,0.0661220631034963,0.743152567093798,0.076533314287163,0.704377171830896,0.995184450635253
meanSwing,PID_NegAffect,27,0.0660853727541746,0.743290366809965,0.179450014089741,0.370451161328543,0.995184450635253
E0o,item_MentS09,27,-0.065855289019572,0.744154679214806,-0.177305591611159,0.376290723130951,0.995184450635253
meanBC,MentS_Self,27,-0.0655316787264707,0.745370837146874,-0.199112844151386,0.319405674300051,0.995184450635253
meanKL,item_MentS03,27,0.0653716561680556,0.745972437331332,0.122449633355189,0.542884795188785,0.995184450635253
meanCarry,item_SAPAS02,27,0.0650020610350372,0.747362474681571,0.0574169251763215,0.776054577855652,0.995184450635253
BIC,item_MentS04,27,-0.0647939705777882,0.748145437039127,0.011277749207516,0.95547755548743,0.995184450635253
E0s,PID_Distractible,27,0.064768025072237,0.748243076861529,0.152234931856347,0.448427092522044,0.995184450635253
sllSelf,item_MentS11,27,0.0646790415871788,0.748577974107332,-0.015958010213068,0.937031522155351,0.995184450635253
meanSwing,item_PID21,27,0.0645736670694687,0.748974618032529,0.155783214853204,0.437793118924974,0.995184450635253
wEx,item_LPFS07,27,-0.0644347660999275,0.749497555285472,0.0333431325716543,0.868862665025779,0.995184450635253
meanBC,item_PID28,27,-0.064074530258434,0.750854281888025,-0.0766197766752737,0.704058001601723,0.995184450635253
E0diff,item_LPFS02,27,0.0640152552971626,0.751077593707013,0.0303146008483838,0.880685847779781,0.995184450635253
wOS12,item_LPFS06,27,-0.0637433935776367,0.752102052936677,-0.0853451402346535,0.672108618133522,0.995184450635253
wOS12,item_MentS12,27,0.0633365325469934,0.75363599700084,0.00783798594654103,0.969049298981741,0.995184450635253
sllSelf,item_LPFS11,27,0.06332399220916,0.75368329101089,0.0938276520484362,0.641571896136477,0.995184450635253
allocTrust,item_LPFS12,27,0.0633020493565604,0.753766047286599,-0.074257428474579,0.712795879664074,0.995184450635253
E0diff,item_PID10,27,0.0631135202279537,0.75447718394064,0.0564903688660033,0.779580015587505,0.995184450635253
pTrialsSplit,item_PID29,27,0.0630021952100823,0.754897196533322,0.106130876903245,0.598284371250358,0.995184450635253
wEx,LPFS_Self,27,0.0629244968458775,0.755190381122597,0.041066829141233,0.838839859708694,0.995184450635253
wEx,item_PID29,27,0.0629152307078407,0.755225347889409,0.13686222536284,0.496048626051538,0.995184450635253
E0o,item_LPFS12,27,0.0628622540280117,0.755425270115852,0.135290931330397,0.501054477231077,0.995184450635253
wOS12,item_PID24,27,-0.0627960225142547,0.755675234766716,-0.0227183561141536,0.910445691181304,0.995184450635253
meanBC,item_PID09,27,-0.0626809352011644,0.756109643395687,-0.0699523087825736,0.728810346808897,0.995184450635253
E0s,item_SAPAS03,27,0.0625729003799864,0.756517497537578,0.0833092311395296,0.679516309018428,0.995184450635253
meanCarry,item_MentS12,27,0.0625538447783004,0.756589443044697,0.068582377032234,0.733930063638152,0.995184450635253
wEx,MentS_Self,27,-0.0623672011736172,0.757294231181251,-0.171194094046955,0.393223023011364,0.995184450635253
magTrust,item_SAPAS02,27,0.062242216861887,0.757766292540987,0.0382779501175476,0.849657386211609,0.995184450635253
E0s,MentS_Motiv,27,0.0621066092365721,0.75827857369537,0.0322520950877789,0.873118964653448,0.995184450635253
pTrialsSplit,item_PID07,27,0.0620752917546073,0.758396895044051,0.0375099454154061,0.852641085617024,0.995184450635253
meanCarry,item_PID15,27,0.0619770706910879,0.758768020897444,0.00101209183545283,0.996002518219486,0.995184450635253
sig,item_PID10,27,-0.0616778472308951,0.759898950532382,-0.0183844395717762,0.927480261960534,0.995184450635253
allocTrust,item_LPFS07,27,-0.0616026505845692,0.760183235785483,-0.0589398808084797,0.770269338627559,0.995184450635253
meanKL,PID_Rigidity,27,-0.0615050224614325,0.760552369887454,-0.0303550803356147,0.880527648203616,0.995184450635253
sllSelf,item_PID18,27,-0.0614721012663128,0.760676857199492,-0.0115271644854352,0.954493902509144,0.995184450635253
E0diff,LPFS_Interpers,27,0.0613803698269012,0.761023758644225,0.0960776029188381,0.633564229688836,0.995184450635253
endH,PID_NegAffect,27,0.0611486600283139,0.761900217944115,0.134050694285841,0.50502330079713,0.995184450635253
eta,item_PID06,27,-0.0611264517276742,0.761984237543629,-0.112826302937465,0.575264108877945,0.995184450635253
meanH,item_SAPAS02,27,-0.0610860651163153,0.762137037022724,0.0191389750587738,0.924512087868915,0.995184450635253
D,item_PID20,27,-0.0610740140433416,0.762182632969204,-0.0622794580116522,0.757625625148781,0.995184450635253
allocSelf,item_PID20,27,-0.0610740140433416,0.762182632969204,-0.0622794580116522,0.757625625148781,0.995184450635253
meanCarry,item_PID01,27,-0.0610242211951014,0.762371035364164,-0.0797483227264446,0.692542465695281,0.995184450635253
pTrialsSplit,item_SAPAS01,27,0.0608343271627621,0.76308966320031,0.176085125778531,0.379637884446714,0.995184450635253
sig,item_LPFS04,27,-0.0607943728239885,0.763240889323116,0.0217143800579601,0.914388679986266,0.995184450635253
wOS11,item_SAPAS05,27,0.0602106188708798,0.765451347107328,0.108507789330393,0.590067181875353,0.995184450635253
E0diff,item_PID01,27,0.0600281714689673,0.766142575911193,0.142132091310841,0.479444544565381,0.995184450635253
meanH,PID_SepInsecurity,27,-0.0600117357236792,0.766204853736938,-0.159466360010425,0.426900596086754,0.995184450635253
meanBC,item_PID21,27,0.0598398523239903,0.766856233968089,0.109048250397243,0.58820559497683,0.995184450635253
meanSwing,PID_EmotLability,27,0.0594260333141085,0.768425102371923,0.125656499080523,0.532287643196899,0.995184450635253
pTrialsSplit,item_PID04,27,-0.0591554387623747,0.769451461006956,-0.0625863369441365,0.756466768216756,0.995184450635253
wOS11,PID_Irresponsible,27,0.0589402676309707,0.77026787071689,0.0182480014327741,0.928017081405512,0.995184450635253
wOS22,item_PID18,27,-0.0589311091794683,0.770302625337367,-0.220606078945398,0.26883309864544,0.995184450635253
meanBC,PID_Orderliness,27,0.0588510015373944,0.770606637391159,0.0212883466884455,0.916062475259948,0.995184450635253
E0s,item_PID15,27,-0.0587529515999043,0.770978786272083,0.0995223638195287,0.621382107054884,0.995184450635253
meanKL,item_LPFS12,27,-0.0586080047314862,0.77152902323968,-0.036620101713491,0.85610060367557,0.995184450635253
wOS22,item_SAPAS08,27,-0.0585040142399448,0.771923851012379,-0.114201152147399,0.570586218346902,0.995184450635253
E0o,item_PID26,27,-0.0584712971380314,0.772048081728232,-0.184732591277166,0.356293124986425,0.995184450635253
E0o,item_LPFS02,27,0.0583458270009446,0.772524557544663,0.0603067059430613,0.765087377533957,0.995184450635253
E0o,PID_Impulsivity,27,-0.0582746391729062,0.772794930814207,-0.123061898121355,0.540853961651942,0.995184450635253
wEx,item_PID05,27,0.0581085170245507,0.77342596780141,0.0418423006491098,0.835836939865519,0.995184450635253
BIC,MentS_total,27,-0.0580797092105471,0.773535412414065,-0.0388558465197305,0.847413587347723,0.995184450635253
meanKL,PID_Anhedonia,27,-0.0580433343795671,0.773673611139942,0.00126522260022635,0.995002733013647,0.995184450635253
absAsym,item_PID03,27,0.0579692664652074,0.773955037833673,-0.0898724582045323,0.655743438250528,0.995184450635253
sig,item_PID13,27,-0.0579201780489683,0.774141568385444,-0.0792797228004105,0.694263118552141,0.995184450635253
D,PID_Withdrawal,27,0.0577278070488477,0.774872674782067,0.0401012424582438,0.842582053838884,0.995184450635253
allocSelf,PID_Withdrawal,27,0.0577278070488477,0.774872674782067,0.0401012424582438,0.842582053838884,0.995184450635253
E0o,item_PID13,27,-0.0575610017772575,0.775506770280044,-0.0914274222617638,0.650157742081754,0.995184450635253
eta,item_PID12,27,-0.0575201159770478,0.775662215491952,-0.0962160584814397,0.63307276221282,0.995184450635253
wOS12,MentS_total,27,0.0570080580817716,0.777609739678004,0.070368855901874,0.727255861099108,0.995184450635253
sllSelf,item_PID27,27,0.0569664984180988,0.777767862438316,0.0884451684522553,0.660886470228407,0.995184450635253
D,PID_Rigidity,27,-0.0568221231222528,0.778317236678195,-0.0785476821055598,0.696954059429599,0.995184450635253
allocSelf,PID_Rigidity,27,-0.0568221231222528,0.778317236678195,-0.0785476821055598,0.696954059429599,0.995184450635253
magSelf,PID_Withdrawal,27,-0.0566892322692721,0.778823002455382,-0.0115917653980861,0.954239137647402,0.995184450635253
magTrust,item_LPFS03,27,0.0566006868541619,0.779160043926494,-0.00130428184317596,0.994848462169969,0.995184450635253
meanSwing,item_PID04,27,-0.0563926396859336,0.779952113126354,-0.151089679685433,0.451888471589695,0.995184450635253
magTrust,item_PID03,27,0.0563892959762856,0.779964844922434,0.124495454398082,0.536112956832256,0.995184450635253
wEx,item_PID21,27,0.0563093532497258,0.780269258200923,0.00413302406753398,0.983676707084886,0.995184450635253
meanBC,MentS_Motiv,27,0.0561023324925079,0.781057717769844,0.038144304767277,0.850176454550273,0.995184450635253
E0o,PID_Deceitful,27,-0.0560404360654293,0.781293497663746,-0.104678383149246,0.603329625007525,0.995184450635253
pTrialsSplit,PID_Grandiosity,27,-0.0560142201025634,0.781393366903797,0.0905711142277366,0.653231488256861,0.995184450635253
wOS11,PID_Anankastia,27,-0.0558852811958542,0.781884606574209,0.0606079256373689,0.763946699063226,0.995184450635253
magTrust,PID_NegAffect,27,0.0558303667062757,0.782093848109602,-0.0668719710625017,0.740337799057574,0.995184450635253
asymKL,item_PID15,27,0.0556493636437329,0.782783631622171,-0.0209165645993586,0.917523414383638,0.995184450635253
sllOther,MentS_total,27,0.0555762665767878,0.783062242279712,-0.00458927321099179,0.981875037030346,0.995184450635253
wOS12,item_PID04,27,-0.0555601642450446,0.783123620089666,-0.0220872624963875,0.912923995648802,0.995184450635253
asymKL,PID_Distractible,27,-0.0553506425265795,0.783922376572127,-0.0504317366849216,0.802734421935585,0.995184450635253
wOS22,item_MentS12,27,0.055327498752915,0.784010620353438,0.0734811182488221,0.71567510740165,0.995184450635253
pTrialsSplit,LPFS_Self,27,0.0553150713748797,0.784058005181142,0.11071865171124,0.582468168719947,0.995184450635253
pTrialsSplit,PID_Anankastia,27,0.0553111777370007,0.784072851537393,0.0822550694974926,0.683363389949323,0.995184450635253
meanBC,item_PID10,27,0.0552467139837295,0.784318661138261,0.0638441446947138,0.751722343586232,0.995184450635253
meanSwing,item_LPFS11,27,0.0551948960121582,0.784516265191115,0.130770246757402,0.515595310995368,0.995184450635253
wOS11,item_PID15,27,0.0551907891853088,0.784531926833388,0.152825867153378,0.446646608461458,0.995184450635253
sllSelf,item_PID25,27,-0.0551479075948227,0.78469546336435,-0.0541225221949484,0.788608594684929,0.995184450635253
meanSwing,item_PID13,27,0.0551008313421506,0.784875007255501,0,1,0.995184450635253
meanCarry,item_SAPAS05,27,0.0547319088575986,0.78628241028357,0.0217015578660786,0.914439050509201,0.995184450635253
meanH,item_PID21,27,-0.0545841414691474,0.786846312505213,-0.0664463100088155,0.741935113470646,0.995184450635253
wEx,item_PID16,27,0.0545181697738771,0.787098104154896,-0.0154456273018129,0.939049569271745,0.995184450635253
eta,PID_EmotLability,27,-0.0544530733920163,0.787346575507423,-0.0387828700865813,0.847696869345917,0.995184450635253
wOS21,item_PID29,27,0.0541756629240116,0.788405672228401,0.20681402943718,0.300654604024044,0.995184450635253
eta,item_PID04,27,-0.0538920141865609,0.789488965092738,-0.0163253679321125,0.935584897331419,0.995184450635253
E0o,item_PID24,27,0.0536949826272155,0.790241680223997,-0.0233674520031294,0.907897544869225,0.995184450635253
sllOther,item_MentS12,27,0.0536668236985656,0.79034927014952,-0.0558456498691048,0.782035612949072,0.995184450635253
wOS21,PID_IntimacyAvoid,27,-0.0535063700209954,0.790962404734786,-0.0767067535553037,0.703736981511975,0.995184450635253
BIC,item_MentS03,27,0.0534490404439034,0.791181505189816,0.184007193601683,0.358218083447809,0.995184450635253
meanSwing,item_SAPAS07,27,-0.0534095325882928,0.791332504139523,0.075955452531275,0.706511562886657,0.995184450635253
magSelf,item_PID09,27,-0.0533386297545321,0.791603513063497,-0.141570148726637,0.481201414255964,0.995184450635253
meanSwing,item_PID08,27,0.0532980119771128,0.791758775341234,0.0572112708367265,0.776836697229256,0.995184450635253
sllSelf,MentS_total,27,0.0530837562842634,0.792577900250714,0.0321249124769425,0.873615349643934,0.995184450635253
meanH,item_SAPAS05,27,-0.0528854029655296,0.793336420091625,0.0325523367991178,0.871947328166305,0.995184450635253
meanBC,item_PID30,27,-0.052757638465079,0.793825099559669,-0.102114781969407,0.61227780853256,0.995184450635253
wOS11,item_PID18,27,0.0527066995721544,0.79401995414687,0.104936945660514,0.602430192252587,0.995184450635253
sig,item_LPFS01,27,0.0526502829274148,0.794235776649318,0.0983552844432339,0.625498699310256,0.995184450635253
pTrialsSplit,item_LPFS05,27,-0.0522935479868801,0.79560081186684,-0.000998773925247489,0.996055119862695,0.995184450635253
meanH,item_MentS09,27,-0.0522563612699276,0.795743139562506,-0.0576243172736267,0.77526606545076,0.995184450635253
asymKL,item_MentS07,27,-0.0522283269187522,0.795850441894039,-0.0128289501447696,0.949360961077729,0.995184450635253
wOS22,MentS_total,27,0.0519621011741789,0.796869609359053,0.0416094104463255,0.836738545119733,0.995184450635253
BIC,item_LPFS04,27,-0.0519065034532745,0.797082490087338,0.0329005758453941,0.870588721525286,0.995184450635253
wEx,MentS_Motiv,27,-0.051878080751527,0.797191324580779,-0.108850820921254,0.588885334036578,0.995184450635253
E0o,item_MentS08,27,-0.0517500868735563,0.797681476842535,-0.0668347259853279,0.740477521240202,0.995184450635253
E0o,PID_Withdrawal,27,-0.051667403798993,0.797998151306739,-0.10526576145289,0.601287196876995,0.995184450635253
meanBC,SAPAS_total,27,-0.051465491594291,0.798771601900761,-0.0319369481598341,0.874349046908827,0.995184450635253
wOS11,PID_EmotLability,27,0.0513590146859267,0.799179550048928,0.0428162885755857,0.832068473398573,0.995184450635253
E0o,item_PID04,27,-0.0512034099440607,0.799775815633234,-0.100513049621242,0.617896400995034,0.995184450635253
eta,item_LPFS09,27,-0.0511997573034795,0.799789813592629,0.0571286487584428,0.777150975229021,0.995184450635253
eta,item_PID26,27,-0.0510316669458809,0.800434048979198,0.149304423087025,0.4573123355177,0.995184450635253
pTrialsSplit,SAPAS_total,27,0.0509299258740328,0.80082405118666,0.0921290321448216,0.647643444405331,0.995184450635253
meanCarry,item_PID23,27,0.0507173780759342,0.801638957084142,0.00777678797865469,0.969290845528569,0.995184450635253
meanKL,MentS_total,27,0.0506825840574789,0.801772376282389,0.129417504549968,0.519985996039408,0.995184450635253
E0s,PID_Rigidity,27,-0.0506179488530566,0.802020237222168,0.00187763383519266,0.992583938709834,0.995184450635253
meanH,item_PID25,27,0.0506032207262533,0.802076718771537,0.0974899277998749,0.62855813772946,0.995184450635253
D,item_MentS12,27,0.050519222585111,0.802398865530432,-0.0450684191926109,0.823368725123789,0.995184450635253
allocSelf,item_MentS12,27,0.0505192225851109,0.802398865530432,-0.0450684191926109,0.823368725123789,0.995184450635253
sig,LPFS_total,27,0.0503296231093094,0.803126126673487,0.133170622895099,0.507848972640434,0.995184450635253
sllSelf,item_SAPAS08,27,0.0498599768752752,0.804928272470842,0.104684389468449,0.603308725061763,0.995184450635253
endH,PID_Anankastia,27,-0.0498447597543698,0.804986680557033,-0.00492247111775585,0.980559335047488,0.995184450635253
BIC,PID_Grandiosity,27,0.0498326189158661,0.805033281638445,0.0772157708801777,0.701859261388548,0.995184450635253
meanKL,item_LPFS04,27,-0.0497956850588927,0.805175051598849,-0.00493508637680911,0.980509521999054,0.995184450635253
E0diff,item_PID24,27,0.0497926048322651,0.805186875266241,-0.00421912327834282,0.983336705967989,0.995184450635253
meanSwing,item_LPFS04,27,0.0497503710892828,0.805348996686613,0.0838964684057549,0.677376617084363,0.995184450635253
meanBC,PID_Anhedonia,27,-0.0494428551119317,0.806529685579613,-0.00727502995130152,0.971271367272806,0.995184450635253
meanCarry,item_LPFS10,27,-0.0492486317364467,0.807275607870904,-0.00406677332798216,0.983938329562103,0.995184450635253
eta,item_MentS01,27,0.0492326183364241,0.807337115295071,-0.0736447692335422,0.715067831091035,0.995184450635253
absAsym,item_MentS01,27,-0.0491395462599546,0.807694626999377,-0.0311574023680371,0.877392990855364,0.995184450635253
magTrust,item_MentS02,27,-0.0491297010112326,0.80773244711801,-0.0202801533971254,0.920024833102314,0.995184450635253
sig,SAPAS_total,27,-0.0491223472038558,0.807760696742219,-0.0229449918818226,0.909555890922408,0.995184450635253
D,item_PID25,27,0.0490060196141687,0.808207600029542,-0.0416327093807295,0.83664833713224,0.995184450635253
allocSelf,item_PID25,27,0.0490060196141687,0.808207600029542,-0.0416327093807295,0.83664833713224,0.995184450635253
E0diff,PID_Irresponsible,27,-0.0489805844224501,0.808305323895003,0.0998475550095189,0.620237044782512,0.995184450635253
wOS12,item_LPFS11,27,-0.0489384535132682,0.808467200101891,-0.0307310079879895,0.879058684157887,0.995184450635253
D,item_LPFS06,27,-0.0489247801740212,0.808519737728808,-0.0586143981988941,0.771504750538227,0.995184450635253
allocSelf,item_LPFS06,27,-0.0489247801740212,0.808519737728808,-0.0586143981988941,0.771504750538227,0.995184450635253
allocTrust,item_PID29,27,-0.0488540668554593,0.808791455312204,-0.270683067939839,0.172061490982198,0.995184450635253
asymKL,item_PID09,27,-0.048782567326697,0.809066215931135,-0.032977516997499,0.870288594430444,0.995184450635253
E0s,item_SAPAS08,27,-0.0487708983192098,0.809111060055126,0.076134101431599,0.705851472813241,0.995184450635253
wOS12,PID_Distractible,27,-0.0487045759470714,0.809365948831723,-0.0313240600527463,0.876742087078343,0.995184450635253
wOS21,item_PID03,27,-0.048593216827899,0.809793964590454,0.0478828670761853,0.81252549026019,0.995184450635253
absAsym,item_LPFS07,27,0.0485161865222958,0.810090066653119,0.0673598637811197,0.738508249176333,0.995184450635253
magTrust,item_MentS12,27,-0.0485096655120825,0.810115134382347,-0.0715216217621869,0.722959433179703,0.995184450635253
wEx,PID_EmotLability,27,0.0484699360098956,0.810267864422949,0.0086873628993942,0.965697117965439,0.995184450635253
pTrialsSplit,item_PID10,27,0.0482368589140115,0.81116400687394,0.0837084469152699,0.678061438252226,0.995184450635253
meanKL,item_PID21,27,-0.0480224274681572,0.811988665113389,0.0123990722026019,0.951055761739977,0.995184450635253
wOS11,item_MentS09,27,-0.0479914371116368,0.812107863718773,-0.0212133475677637,0.91635716735022,0.995184450635253
E0diff,item_PID28,27,0.0477340393341782,0.813098053793877,0.183248965881696,0.360236710203422,0.995184450635253
sig,PID_Withdrawal,27,0.0474987659652995,0.814003378323649,0.0817689397000128,0.685140093076442,0.995184450635253
meanCarry,LPFS_Interpers,27,-0.0473396358936483,0.814615838139366,-0.0991570132688008,0.622669605536267,0.995184450635253
asymKL,item_PID11,27,0.047164732999517,0.815289127081392,0.036181214510285,0.857807861560893,0.995184450635253
pTrialsSplit,item_LPFS01,27,0.0470730191806956,0.815642230761386,0.026840177961903,0.894280421497515,0.995184450635253
sig,item_SAPAS02,27,-0.0470382532514867,0.815776090854121,-0.0287084625881607,0.886966409542276,0.995184450635253
wOS11,item_PID03,27,0.0470084070482002,0.815891012433538,0.0887674689643127,0.659723782273981,0.995184450635253
meanBC,item_PID18,27,0.0469453650000921,0.816133765463171,0.180062259031109,0.368793680032082,0.995184450635253
wOS12,item_PID10,27,-0.0469060307237835,0.816285236489966,-0.144067153735192,0.473419945610056,0.995184450635253
asymKL,item_LPFS04,27,0.0468724066540531,0.81641472338378,-0.0898185720579259,0.655937332993602,0.995184450635253
sllSelf,item_LPFS02,27,0.0467760925256637,0.816785656839846,0.067401612524598,0.738351759850114,0.995184450635253
magSelf,item_PID10,27,-0.0467521026106227,0.81687805490953,0.0461282301982749,0.819281758613789,0.995184450635253
wOS11,item_SAPAS08,27,0.0467255827422537,0.816980199970526,0.00951676267894988,0.962424328136091,0.995184450635253
sig,item_PID06,27,-0.0467067600416544,0.817052700060796,-0.0258836812621242,0.898028246595117,0.995184450635253
magSelf,item_PID05,27,-0.0466986574220928,0.817083909671851,-0.167037120845256,0.404983376062603,0.995184450635253
sllOther,MentS_Motiv,27,0.0464169673313441,0.818169090426606,-0.031631862489937,0.875540129635485,0.995184450635253
D,PID_Detachment,27,-0.0461367697621662,0.819248845910746,-0.0378649861655208,0.851261503254326,0.995184450635253
allocSelf,PID_Detachment,27,-0.0461367697621661,0.819248845910746,-0.0378649861655208,0.851261503254326,0.995184450635253
meanBC,item_LPFS06,27,-0.0460695446044429,0.819507949383058,0.0537835412044798,0.789903339162433,0.995184450635253
eta,PID_Grandiosity,27,-0.0459358535676013,0.820023284810454,0.0129774404840635,0.948775585134617,0.995184450635253
wOS11,item_LPFS09,27,0.0459145868316073,0.820105267885233,0.0420063593812079,0.835201928479421,0.995184450635253
meanBC,PID_Perfectionism,27,-0.0457959657807245,0.820562584788088,0.048284111577889,0.8109823094761,0.995184450635253
sllOther,item_PID27,27,0.0457544289771267,0.820722734178006,0.102710518202619,0.610193496880843,0.995184450635253
wEx,MentS_Other,27,0.0456612830361463,0.821081893365236,-0.0383518516267365,0.849370384638128,0.995184450635253
meanBC,item_LPFS11,27,0.0455857607814276,0.821373123655546,0.111481635360685,0.579855689861747,0.995184450635253
endH,PID_Distractible,27,-0.045381051002772,0.822162645332943,-0.0172282330290105,0.932030345259056,0.995184450635253
eta,PID_Distractible,27,0.045290586080735,0.822511603027162,0.0732983005234265,0.716353707392205,0.995184450635253
endH,item_SAPAS07,27,-0.0452746157807949,0.822573209986758,-0.0434031157321571,0.829799716791997,0.995184450635253
asymKL,item_SAPAS05,27,-0.0452659878728134,0.822606493394236,-0.0434031157321571,0.829799716791997,0.995184450635253
sig,item_PID30,27,-0.0452619621710514,0.822622023225661,-0.0867276230425098,0.667095359748135,0.995184450635253
absAsym,item_MentS09,27,0.0452305049811694,0.82274337694844,0.145010644567698,0.470496734191902,0.995184450635253
wEx,item_SAPAS08,27,-0.0450699614669343,0.823362774330965,-0.0666173387526491,0.741293193736564,0.995184450635253
E0o,item_MentS10,27,0.0449837204823142,0.82369554573612,-0.0459197325929392,0.820085430852627,0.995184450635253
sig,PID_Irresponsible,27,0.0449649385361897,0.823768022123805,0.0368403047793742,0.855244258010885,0.995184450635253
meanSwing,item_PID18,27,-0.0449225070477447,0.823931763330965,0.0540584265523858,0.788853367334779,0.995184450635253
eta,item_PID02,27,0.0449116534646549,0.823973647975937,0.0456207417876132,0.821238226388913,0.995184450635253
sllOther,item_MentS04,27,-0.0448559005811086,0.824188809198263,-0.134044104866476,0.505044428714726,0.995184450635253
magTrust,MentS_Other,27,-0.0448528742754176,0.824200488655566,-0.0825801966478924,0.682176035100739,0.995184450635253
meanBC,item_SAPAS04,27,0.0447749202941993,0.824501349961204,0.0856893070496975,0.67085928548142,0.995184450635253
eta,item_PID29,27,0.0447019471812729,0.824783009671735,0.0364965934300906,0.856580983578786,0.995184450635253
pTrialsSplit,item_SAPAS05,27,0.0446291044534052,0.825064187243899,0.0167049017861216,0.9340905335445,0.995184450635253
endH,item_PID28,27,-0.0445555598384374,0.825348095516997,-0.0130892118486926,0.94833497917353,0.995184450635253
meanBC,item_LPFS05,27,0.0443112794222057,0.826291258172311,0.0175165248233067,0.930895614068437,0.995184450635253
magSelf,item_PID19,27,0.0439219455990639,0.827794955496561,0.133036748003948,0.508279490035069,0.995184450635253
sllOther,item_SAPAS07,27,-0.0438743343608235,0.827978881888361,0,1,0.995184450635253
meanCarry,item_MentS01,27,0.0436851032612834,0.828709985669898,0.174552265539117,0.38386604164818,0.995184450635253
meanCarry,item_PID08,27,-0.0436651382229782,0.828787129723143,-0.0210778366240571,0.916889654300976,0.995184450635253
E0o,item_PID23,27,0.0436578335413051,0.828815355087673,-0.0436176369237589,0.82897067893844,0.995184450635253
sllSelf,item_PID16,27,0.0435255940203447,0.829326365780786,0.0595300218924038,0.768030777412772,0.995184450635253
magTrust,SAPAS_total,27,0.0434329299685786,0.829684486134309,-0.0201543847610604,0.92051925626548,0.995184450635253
asymKL,PID_SepInsecurity,27,0.0434091068875756,0.829776560974882,0.0400254210384732,0.842876047119145,0.995184450635253
E0diff,item_PID23,27,0.0432861713152367,0.830251734755722,0.160269456603579,0.424545377802376,0.995184450635253
D,item_PID10,27,-0.0432448508916011,0.830411460627108,-0.105292699365628,0.601193598828975,0.995184450635253
allocSelf,item_PID10,27,-0.0432448508916011,0.830411460627108,-0.105292699365628,0.601193598828975,0.995184450635253
meanH,item_MentS11,27,0.0428654618079658,0.831878312066495,-0.0286592836479589,0.887158823488103,0.995184450635253
meanKL,MentS_Self,27,0.0427983957386154,0.832137670360889,-0.00736318684072923,0.970923385113735,0.995184450635253
wOS21,item_SAPAS05,27,-0.0427268924815143,0.832414207067091,-0.0217015578660786,0.914439050509201,0.995184450635253
sig,item_MentS12,27,-0.0426710839962007,0.832630058241928,-0.112671047981527,0.575793427019417,0.995184450635253
meanH,PID_Manipulative,27,-0.0426376718965518,0.832759292305866,-0.0969707698215827,0.630396484703512,0.995184450635253
sig,item_SAPAS01,27,-0.0424267531042704,0.833575199124058,-0.0457509010871677,0.820736336641471,0.995184450635253
pTrialsSplit,item_PID18,27,-0.0423735352010693,0.833781090987875,0.0989299950586121,0.623470165851772,0.995184450635253
E0o,item_PID19,27,-0.0423039473037453,0.834050331974022,-0.0880390244143774,0.662352714987108,0.995184450635253
E0o,PID_Anhedonia,27,-0.042273760487142,0.834167132796177,-0.104064558868617,0.605467133486183,0.995184450635253
meanH,item_PID08,27,0.0422214962009796,0.834369365339075,-0.0354642965420644,0.86059799049264,0.995184450635253
BIC,item_PID19,27,0.042213820410853,0.834399067071266,0.0195642276476394,0.922839671159949,0.995184450635253
sllSelf,PID_Rigidity,27,0.0421381168966424,0.834692016278808,0.120794443397395,0.548392706304963,0.995184450635253
endH,item_PID13,27,-0.0421287651989111,0.834728205954365,-0.00511482082583294,0.979799824168745,0.995184450635253
magSelf,item_PID25,27,-0.0420903893564919,0.834876718180703,-0.216143149534954,0.278882795599449,0.995184450635253
endH,item_LPFS11,27,-0.042075624660042,0.834933858149914,0.0160193552277818,0.936789936784442,0.995184450635253
meanH,item_LPFS01,27,0.0420470804242993,0.83504432780932,-0.0118421078259412,0.953251910700352,0.995184450635253
sig,item_PID22,27,0.041766606375721,0.836129958615838,0.0315356068930381,0.875915975448258,0.995184450635253
endH,item_PID11,27,-0.041691569148188,0.836420454955336,-0.0209980262782904,0.917203283500044,0.995184450635253
magTrust,item_MentS10,27,-0.0416085363538429,0.836741929439209,-0.0229598662964696,0.909497495829368,0.995184450635253
sllSelf,PID_Orderliness,27,-0.0415524462841657,0.836959105424688,-0.0512855624767095,0.799460999678204,0.995184450635253
E0o,item_PID17,27,-0.0414835167345832,0.837226010756437,-0.0317282478491983,0.875163803543155,0.995184450635253
E0o,item_PID12,27,-0.0413771318734032,0.837637983054618,-0.0107678621405221,0.957488663051181,0.995184450635253
eta,PID_Anxiousness,27,-0.0409395491919558,0.839332947588306,-0.132822860336237,0.508967686604004,0.995184450635253
meanSwing,PID_Disinhibition,27,-0.0408770159865894,0.839575225555273,-0.0392489812905681,0.845887824755111,0.995184450635253
meanSwing,item_LPFS02,27,-0.0404697395238398,0.841153521165714,0.159312902330868,0.427351448790084,0.995184450635253
absAsym,item_PID30,27,0.0404063987992209,0.841399035927772,-0.130790850878624,0.515528574764036,0.995184450635253
wOS11,item_PID27,27,0.0402769504570366,0.841900835196271,0.0235378270881002,0.907228852217611,0.995184450635253
E0o,item_MentS01,27,0.0402660778004215,0.841942985188934,-0.0474442263331474,0.814213278457076,0.995184450635253
meanSwing,MentS_Self,27,-0.0402502854966319,0.842004207918995,-0.197578846892901,0.32322457857693,0.995184450635253
meanH,PID_Grandiosity,27,-0.0402321191456388,0.84207463533278,-0.0496387098515428,0.805777665196074,0.995184450635253
meanH,item_SAPAS08,27,-0.0401549139024167,0.842373958285208,-0.0666173387526491,0.741293193736564,0.995184450635253
wOS21,PID_Irresponsible,27,-0.0401465375491098,0.842406434500578,0.0148049822945149,0.941573298933557,0.995184450635253
E0o,MentS_Self,27,0.0400772761027556,0.842674979807062,-0.0490879122715282,0.807892981538886,0.995184450635253
meanCarry,item_PID05,27,-0.0400410701578827,0.842815366856352,-0.124862738444963,0.534901456822998,0.995184450635253
D,item_PID24,27,-0.0400388482123515,0.842823982510708,-0.00681550683424609,0.973085327024671,0.995184450635253
allocSelf,item_PID24,27,-0.0400388482123514,0.842823982510708,-0.00681550683424609,0.973085327024671,0.995184450635253
meanH,PID_Anxiousness,27,-0.0399781126292537,0.843059493224374,-0.0330498197080777,0.870006576648951,0.995184450635253
E0o,item_LPFS11,27,-0.0399622623463028,0.843120957080614,-0.111481635360685,0.579855689861747,0.995184450635253
E0s,item_PID04,27,-0.0399303349740861,0.843244767019747,0.0592194719106041,0.769208550498561,0.995184450635253
wOS22,item_PID29,27,-0.0395099387231974,0.844875343702482,-0.252434771224793,0.203972473134813,0.996241989425021
meanCarry,item_LPFS08,27,-0.0393284465646882,0.845579484410298,-0.101610187479127,0.614045548535154,0.996241989425021
wEx,SAPAS_total,27,0.0391877768635484,0.846125324652293,0.0595329519095937,0.768019667595631,0.996241989425021
meanCarry,item_LPFS06,27,-0.0389634948369358,0.846995748828199,-0.0257645706368765,0.898495106933549,0.996241989425021
meanKL,PID_Anxiousness,27,0.038862839010429,0.847386444668867,0.0863660382937503,0.668405228562791,0.996241989425021
E0o,item_PID28,27,0.0387362941358613,0.847877678856274,0.0293709143921882,0.884375162473179,0.996241989425021
allocTrust,item_MentS01,27,0.0386496665373451,0.848213990277689,0.054171392753519,0.78842197774491,0.996241989425021
E0o,item_LPFS07,27,0.0386484391484526,0.848218755514931,0.0798214385806269,0.692274125451792,0.996241989425021
meanKL,item_PID02,27,-0.0386200033245691,0.848329156738537,0.0456207417876132,0.821238226388913,0.996241989425021
wOS11,item_PID28,27,-0.0385577945450057,0.848570690173196,0.0137277099876532,0.94581828908941,0.996241989425021
wEx,MentS_total,27,-0.0384140807685971,0.849128728032152,-0.124216328244178,0.537034530867516,0.996241989425021
meanKL,PID_Withdrawal,27,0.0382781079827447,0.849656773111356,0.0980600694486743,0.626541744837765,0.996241989425021
sig,item_LPFS06,27,-0.03823093230783,0.849839992832657,-0.0315615990301738,0.875814482280833,0.996241989425021
meanKL,MentS_Motiv,27,0.0380300467579669,0.850620272275443,0.044966863343538,0.823760594549402,0.996241989425021
eta,MentS_Self,27,0.0379774092150938,0.850824749697246,-0.106766209190574,0.596083203493264,0.996241989425021
meanCarry,item_PID26,27,0.0375857529444355,0.852346484522206,0.0632645860538239,0.753907344230775,0.996241989425021
BIC,item_LPFS11,27,0.0375435412301535,0.852510524120292,-0.00751928918855063,0.970307214269232,0.996241989425021
endH,MentS_Other,27,-0.0371867745928981,0.853897199006688,0.0040207586382869,0.984120041351287,0.996241989425021
wEx,item_SAPAS01,27,0.0370403728095577,0.854466353984165,0.0915018021743355,0.649891015516085,0.996241989425021
asymKL,item_PID02,27,-0.0370392652334471,0.854470660094095,-0.139903608148681,0.486431002797267,0.996241989425021
meanH,item_PID12,27,-0.0370152765752037,0.854563925833557,-0.143455711743085,0.475319366192983,0.996241989425021
meanBC,item_MentS11,27,0.0369973595019489,0.854633587042639,0.0729509038311681,0.717643786176904,0.996241989425021
asymKL,item_MentS02,27,0.0368071527608854,0.855373172381736,0.00950632190490254,0.962465523573101,0.996241989425021
meanSwing,item_PID30,27,-0.0367518529679954,0.855588218268981,-0.0594503867630107,0.768332748983026,0.996241989425021
E0diff,PID_Distractible,27,0.0367421126978334,0.855626096579382,0.150355488253182,0.454114906025571,0.996241989425021
E0diff,PID_EmotLability,27,0.0367127144386483,0.855740423472279,0.11945123986667,0.552881380563377,0.996241989425021
sllSelf,item_SAPAS02,27,0.0366256217451392,0.856079134928117,0.0861253877644822,0.669277529545868,0.996241989425021
meanCarry,PID_Anxiousness,27,-0.0365893243203096,0.856220306285131,-0.0473921942983756,0.814413539572177,0.996241989425021
meanCarry,PID_Anankastia,27,-0.0365376830225122,0.856421161916377,-0.0682992867588624,0.734989424169118,0.996241989425021
magTrust,item_PID28,27,0.0363628756442647,0.857101129103507,0.0641690629655417,0.750498180970394,0.996241989425021
E0diff,PID_NegAffect,27,0.0363236317986308,0.857253793838639,0.0892648788036147,0.65793090723859,0.996241989425021
eta,item_LPFS07,27,-0.03632201533133,0.857260082258321,-0.0319959352960319,0.874118786406811,0.996241989425021
meanCarry,PID_Grandiosity,27,0.0359608600277527,0.858665269737229,0.000648872024203174,0.997437129712392,0.996392394288774
wOS11,PID_Disinhibition,27,0.0352997573841352,0.861238582045591,0.046357064516419,0.81839990181336,0.996392394288774
asymKL,item_PID06,27,0.0350793759610906,0.862096715495547,0.0749963072466677,0.710059042622076,0.996392394288774
E0o,LPFS_Interpers,27,0.0350772178355427,0.862105119681858,0.00523499759493669,0.979325303596937,0.996392394288774
meanKL,item_MentS02,27,-0.0348230255602629,0.863095099114504,-0.114709617652491,0.568860496771213,0.996392394288774
wOS11,item_LPFS10,27,0.0347303596385303,0.863456046886225,-0.0122003199839465,0.951839416228279,0.996392394288774
magSelf,item_SAPAS04,27,-0.0346608332360498,0.863726880301831,0.0122413295785282,0.951677717057791,0.996392394288774
wEx,item_MentS11,27,0.0345826245331461,0.864031552744761,-0.0110729050458023,0.956285474954092,0.996392394288774
wEx,PID_NegAffect,27,0.0345398833466499,0.864198064764301,0.0217794034194386,0.914133248075609,0.996392394288774
pTrialsSplit,PID_Perfectionism,27,-0.034405599647338,0.864721246842222,0.0727144814539488,0.718522187720027,0.996392394288774
wEx,PID_IntimacyAvoid,27,-0.0343332338192903,0.865003214093274,0.089110398811055,0.658487521254323,0.996392394288774
pTrialsSplit,PID_IntimacyAvoid,27,0.0342874151891222,0.865181750804319,0.11742092969528,0.559698119564139,0.996392394288774
meanBC,item_SAPAS01,27,0.0342722664774977,0.865240780641201,0.0800640769025436,0.691383885926818,0.996392394288774
meanBC,PID_Anxiousness,27,0.0341592907073503,0.865681034459484,0.0832481307741203,0.679739077451598,0.996392394288774
E0o,item_LPFS05,27,0.0340899624212979,0.865951218340521,0.0334111492000109,0.868597438864742,0.996392394288774
D,item_LPFS11,27,-0.0340515262538057,0.866101016826546,-0.0343271897738181,0.865026764929221,0.996392394288774
allocSelf,item_LPFS11,27,-0.0340515262538057,0.866101016826546,-0.0343271897738181,0.865026764929221,0.996392394288774
E0diff,item_LPFS09,27,-0.0340505711839495,0.866104739107876,-0.0154583402522845,0.93899949415035,0.996392394288774
meanBC,item_LPFS09,27,0.0340391088609741,0.866149412487783,0.0796440573867703,0.692925189351516,0.996392394288774
meanCarry,item_PID12,27,-0.0340110846138673,0.866258636177509,0.0156307676233386,0.938320341318227,0.996392394288774
meanCarry,PID_Orderliness,27,-0.0338235459929971,0.866989624113457,-0.00838631839241791,0.966885168609476,0.996392394288774
wEx,item_PID01,27,0.0336950203303476,0.867490653071301,0.0691366507507483,0.731857277102981,0.996392394288774
wEx,PID_Orderliness,27,0.0335730329948025,0.867966240021914,-0.0919269516091963,0.648367237439632,0.996392394288774
meanSwing,item_LPFS01,27,-0.0333603227330172,0.868795631865681,-0.022039478453835,0.913111676231668,0.996392394288774
meanBC,item_MentS06,27,0.033355452395644,0.868814623692084,0.0226132590689281,0.910858351119563,0.996392394288774
wEx,item_SAPAS07,27,-0.0332544841670483,0.869208364163564,-0.0108507789330393,0.957161603239265,0.996392394288774
allocTrust,item_SAPAS01,27,0.0329973801850567,0.870211116232559,-0.0686263516307516,0.73376554758041,0.996392394288774
sig,PID_Distractible,27,-0.0328434035902376,0.870811746710211,-0.0394683156664604,0.845036819696331,0.996392394288774
meanBC,PID_NegAffect,27,0.0326029343831326,0.871749906557268,0.0895716309644518,0.656826162009607,0.996392394288774
endH,PID_Manipulative,27,0.0324468987417296,0.872358750329786,-0.0180792960684307,0.928680899592274,0.996392394288774
meanH,item_PID27,27,-0.0324246634272999,0.872445517271923,0.022824559600582,0.910028709871837,0.996392394288774
E0s,item_LPFS06,27,0.0323148077298363,0.872874218765957,0.0621570266614646,0.758088101546404,0.996392394288774
wOS11,item_MentS08,27,-0.0320771611522807,0.873801731850041,0.0607588418048435,0.763375380421319,0.996392394288774
E0diff,item_PID04,27,0.0319291355552461,0.874379544718598,0.0950712603105374,0.637140934271078,0.996392394288774
meanH,item_PID10,27,0.0318932092276529,0.874519791406107,0.0531477434893168,0.792333247037243,0.996392394288774
E0diff,item_MentS09,27,0.0318814676597104,0.874565628121053,0.123480679872057,0.539466951371768,0.996392394288774
BIC,item_MentS07,27,-0.0318635992607975,0.874635383507353,0.00690789623179904,0.972720610658168,0.996392394288774
E0o,item_PID01,27,-0.0316832067912817,0.875339658134098,-0.0659209925762949,0.743907832080846,0.996392394288774
asymKL,item_MentS04,27,0.031644245701366,0.875491779260385,0.100533078649857,0.617826012166249,0.996392394288774
wOS11,PID_IntimacyAvoid,27,0.0316034557629483,0.875651045637383,0.0835613996176926,0.678597195217871,0.996392394288774
meanSwing,item_PID19,27,0.0315035737410307,0.876041059989102,0.0381502439128969,0.850153386066344,0.996392394288774
sig,item_LPFS10,27,0.0314194340221599,0.876369626508814,0.0158152296088195,0.937593833464677,0.996392394288774
magTrust,item_SAPAS06,27,0.0314095236220436,0.876408328046824,-0.0416546155697648,0.836563523365673,0.996392394288774
endH,PID_Antagonism,27,-0.0309841101341625,0.87806988926806,-0.0190362465399372,0.924916141792294,0.996392394288774
magSelf,item_PID13,27,-0.0308775028563623,0.878486350553717,-0.0668123470374428,0.740561478091171,0.996392394288774
endH,MentS_Motiv,27,0.0306999778173063,0.879179922029999,0.0303913972942532,0.880385720187694,0.996392394288774
E0s,item_MentS01,27,0.0306763080175439,0.879272404010247,0.0626688661266201,0.756155203524938,0.996392394288774
magTrust,item_PID02,27,-0.0304505421515998,0.880154587621043,-0.182482967150453,0.362282814971377,0.996392394288774
meanH,item_MentS10,27,-0.0303887291311849,0.88039614734484,-0.014875406332924,0.941295846103601,0.996392394288774
magTrust,PID_Manipulative,27,0.0303488172205991,0.880552125052737,-0.0966420553476112,0.631561580329061,0.996392394288774
magSelf,PID_Orderliness,27,-0.0303453810554966,0.880565553958248,-0.260298420872356,0.189759949650663,0.996392394288774
meanBC,PID_EmotLability,27,0.0301170947293234,0.88145779369104,0.0757041624090066,0.707440405785464,0.996392394288774
wEx,item_LPFS10,27,0.0300018948003037,0.8819080975295,0.148663158322903,0.459268928558399,0.996392394288774
meanKL,PID_NegAffect,27,-0.0299158047332934,0.882244637522799,0.00368102593004597,0.985461667536095,0.996392394288774
meanH,PID_Orderliness,27,-0.0297342730640248,0.882954339501635,-0.0628973879431343,0.755292680803693,0.996392394288774
allocTrust,PID_Irresponsible,27,0.0296186007525514,0.883406608934819,-0.102946272233952,0.609369477985599,0.996392394288774
D,item_SAPAS05,27,-0.029559848842319,0.883636337846627,-0.0217015578660786,0.914439050509201,0.996392394288774
allocSelf,item_SAPAS05,27,-0.029559848842319,0.883636337846627,-0.0217015578660786,0.914439050509201,0.996392394288774
meanH,PID_IntimacyAvoid,27,-0.0294412976277982,0.884099919086241,0.160594564890253,0.423593972923627,0.996392394288774
E0o,PID_EmotLability,27,0.0294104375171183,0.884220600206969,-0.0223389331698708,0.911935588415068,0.996392394288774
absAsym,item_PID13,27,-0.0293559919261818,0.884433520526389,-0.0735255493713485,0.715510215611213,0.996392394288774
wOS11,item_PID10,27,0.0293303827248547,0.884533673114973,0.0822285842664901,0.6834601456718,0.996392394288774
wOS21,item_LPFS01,27,-0.0291414807395325,0.885272485315576,0.228289523088978,0.252084934044384,0.996392394288774
meanCarry,PID_IntimacyAvoid,27,-0.0290846119328632,0.885494922559956,-0.0355788771809707,0.86015195060337,0.996392394288774
pTrialsSplit,item_SAPAS04,27,-0.0289370508067572,0.886072134148543,0.0439732320054149,0.827596841523932,0.996392394288774
sig,item_LPFS03,27,0.0289301579338976,0.886099098235921,-0.00358677506873389,0.985833877203176,0.996392394288774
meanKL,MentS_Other,27,0.0289069783803565,0.886189774761814,0.16144892378352,0.421099345695759,0.996392394288774
meanSwing,SAPAS_total,27,-0.0286885714966986,0.887044233228006,0.0300765434126593,0.881616300228179,0.996392394288774
meanKL,item_LPFS07,27,-0.0286507052239003,0.887192387446097,0.0269439455124479,0.893873962561733,0.996392394288774
meanBC,item_SAPAS07,27,0.0283941997805622,0.888196078602019,0.075955452531275,0.706511562886657,0.996392394288774
BIC,item_PID16,27,-0.0283046876812869,0.888546374021912,-0.0733667296836112,0.716099680961045,0.996392394288774
E0diff,item_SAPAS04,27,0.0281245764527359,0.889251280676049,0.0244826591570564,0.90352168238733,0.996392394288774
eta,item_SAPAS08,27,-0.028104410722037,0.889330209020266,0.0285502880368496,0.88758529402625,0.996392394288774
D,item_PID14,27,-0.0280731714824497,0.889452480932172,-0.0489653183141129,0.80836397874697,0.996392394288774
allocSelf,item_PID14,27,-0.0280731714824496,0.889452480932172,-0.0489653183141129,0.80836397874697,0.996392394288774
wOS22,item_SAPAS07,27,0.0278532776040398,0.890313226011204,0.0434031157321571,0.829799716791997,0.996392394288774
sig,item_MentS03,27,-0.0278004085371631,0.890520193010779,-0.0835186357938925,0.678753030974834,0.996392394288774
magSelf,MentS_total,27,0.0277351456208614,0.890775687976574,0.0553772300793009,0.783821005390256,0.996392394288774
meanKL,item_MentS10,27,-0.0276578578947785,0.891078272115559,-0.0844017620194164,0.675537452611724,0.996392394288774
wEx,PID_Impulsivity,27,-0.0276047749803592,0.891286102200888,0.0426484355923215,0.83271765913575,0.996392394288774
wEx,item_SAPAS04,27,-0.0274698492434218,0.891814394609981,0.0122413295785282,0.951677717057791,0.996392394288774
sllSelf,PID_Grandiosity,27,-0.027277849182076,0.892566235245216,-0.0843533631464126,0.675713536022727,0.996392394288774
E0diff,item_PID18,27,0.0270559990841047,0.893435076541332,0.0576358224271761,0.77522232879139,0.996392394288774
allocTrust,item_PID18,27,-0.0270226173914097,0.893565821146803,-0.226170916972849,0.256633188461994,0.996392394288774
meanBC,item_PID24,27,-0.0269858079481517,0.893709994218859,-0.00454367122283073,0.982055109742679,0.996392394288774
endH,item_PID21,27,-0.0268781714671308,0.894131597381305,0.0391047661774368,0.846447463318882,0.996392394288774
magSelf,item_SAPAS05,27,0.0267741991211413,0.894538875089796,-0.0325523367991178,0.871947328166305,0.996392394288774
meanBC,item_PID04,27,0.0266541191719127,0.895009281540639,-0.00928305235355416,0.963346485077096,0.996392394288774
meanCarry,item_PID30,27,0.0265552510265089,0.895396617962001,-0.0097918284080253,0.96133905462237,0.996392394288774
sllSelf,PID_EmotLability,27,-0.0265478031343368,0.895425797570126,0.0006205259213853,0.997549088870065,0.996392394288774
meanBC,PID_Rigidity,27,0.0265421739865043,0.895447851727228,-0.0269127516377615,0.893996146656802,0.996392394288774
endH,PID_Anxiousness,27,-0.0262647147631198,0.896534989038926,0.0595520336249325,0.767947316087767,0.996392394288774
pTrialsSplit,item_PID08,27,-0.0262287061930039,0.896676090783956,0.0508205021470135,0.801243555189518,0.996392394288774
meanSwing,item_PID20,27,0.0262062233954814,0.896764192532275,-0.0401066666776608,0.842561022522731,0.996392394288774
pTrialsSplit,PID_Antagonism,27,-0.0260005022992088,0.897570392593403,0.100209409563081,0.618963898601379,0.996392394288774
sig,PID_Rigidity,27,-0.0259968547642973,0.897584687809683,0.00469408458798166,0.981461162126456,0.996392394288774
eta,item_PID03,27,0.025947448078334,0.897778322821464,0.123022135411122,0.540985743122836,0.996392394288774
meanKL,item_LPFS11,27,-0.0257661733007703,0.898488824989216,0.0719236357165713,0.721463020996706,0.996392394288774
wOS12,PID_Anankastia,27,-0.0257440189710297,0.89857566360487,-0.210127985839203,0.292802246425784,0.996392394288774
eta,item_MentS11,27,-0.0257411363832653,0.898586962605611,-0.110403376780205,0.583549182958951,0.996392394288774
sllOther,item_PID09,27,-0.0256859341180032,0.898803344971602,-0.0303126671391152,0.8806934051017,0.996392394288774
E0diff,item_MentS01,27,-0.0254149264631119,0.899865745510538,0.03434395488295,0.864961439368178,0.996582459465849
wEx,item_PID03,27,0.0254064507194604,0.899898974731335,0.0482511968229251,0.811108873295762,0.996582459465849
wOS22,item_PID11,27,0.0253283585554135,0.900205143426971,-0.0193827934876527,0.923553169559199,0.996582459465849
asymKL,item_PID27,27,-0.0250667390337715,0.901230952109583,-0.0435093167386095,0.829389270463501,0.997263758481916
sllOther,item_SAPAS04,27,0.0249439504517759,0.901712458939334,0.0734479774711693,0.715798106822761,0.997265789372911
wEx,item_LPFS02,27,0.0247475190832919,0.902482821315178,0.00128998301482484,0.994904937701545,0.997265789372911
asymKL,item_PID08,27,-0.0245840864565913,0.903123835305293,-0.0639026475427764,0.75150188477864,0.997265789372911
meanH,PID_Anankastia,27,0.024565638059125,0.903196197175579,0.0495323656224182,0.806185972597909,0.997265789372911
meanSwing,item_MentS08,27,-0.0243901034858649,0.9038847504815,-0.0700325597645302,0.728510781652655,0.997265789372911
meanBC,item_LPFS02,27,0.0241987042499685,0.904635611942447,0.151895499995625,0.449451506005516,0.997265789372911
meanSwing,item_MentS09,27,-0.0241750987339125,0.904728222217463,-0.16210796947306,0.419180551847556,0.997265789372911
sllOther,item_LPFS05,27,-0.0241435834121779,0.904851866511195,0.00908264250097383,0.96413728416721,0.997265789372911
magTrust,item_PID22,27,0.0241245951281832,0.904926364430975,-0.0351118097365785,0.861970413444869,0.997265789372911
asymKL,item_PID04,27,-0.0237779431187893,0.906286543323434,0,1,0.99749412150059
wOS11,item_LPFS05,27,0.0236000108866036,0.906984806944405,0.00421694116116642,0.983345322995587,0.99749412150059
meanBC,item_MentS09,27,0.0235436238064874,0.907206102186543,-0.0756714935626197,0.707561189597057,0.99749412150059
magTrust,PID_Irresponsible,27,-0.0235374527796352,0.907230321245921,0.0488908717632817,0.808650028888925,0.99749412150059
endH,PID_SepInsecurity,27,0.0232883110705339,0.908208180166456,0.00476493107600872,0.981181409041526,0.99749412150059
eta,item_SAPAS01,27,-0.0232377771654666,0.908406537196071,0.0343131758153758,0.865081371244474,0.99749412150059
E0o,item_LPFS04,27,0.02322601389399,0.908452711472008,0.0539569443864463,0.789240954097802,0.99749412150059
allocTrust,item_LPFS10,27,-0.0232062097040497,0.90853044935695,-0.0745575110130063,0.711683940926106,0.99749412150059
endH,item_PID06,27,-0.023068226478182,0.909072101165891,0.0647092031553106,0.748464453377423,0.99749412150059
meanBC,LPFS_Interpers,27,-0.0229952854981367,0.909358446318026,0.0270988110796723,0.893267400662497,0.99749412150059
sig,item_MentS11,27,-0.0226123878866897,0.910861771881156,-0.0104215576901669,0.958854710105222,0.99749412150059
meanBC,PID_Withdrawal,27,0.0225020008318078,0.911295227356117,0.031642386627208,0.875499038006538,0.99749412150059
E0diff,item_PID13,27,0.0224486728172733,0.911504638690792,0.0959028904843676,0.634184612625452,0.99749412150059
meanCarry,item_PID13,27,-0.0224383455273845,0.91154519311904,-0.113485087073168,0.573020489629126,0.99749412150059
endH,item_PID25,27,-0.0224191205179552,0.911620688744879,-0.0201224762006859,0.920644700172187,0.99749412150059
E0o,item_SAPAS06,27,-0.0223985631701992,0.911701417223379,-0.052068269462206,0.79646313602095,0.99749412150059
E0o,item_SAPAS04,27,-0.0221282088422514,0.912763174998589,0,1,0.998047118276851
eta,PID_Anhedonia,27,-0.0219902192808105,0.913305155420714,0.0420686514575262,0.834960845008544,0.998047118276851
wOS12,PID_Withdrawal,27,0.0216574886423251,0.914612173902052,0.041980988198474,0.835300124473483,0.998047118276851
meanSwing,PID_Perfectionism,27,-0.0216551037294403,0.914621543002704,0.0836293435826182,0.678349626972668,0.998047118276851
meanSwing,item_LPFS07,27,0.0216519745385305,0.914633836007215,0.0259335475557311,0.897832802872287,0.998047118276851
sig,PID_Anxiousness,27,0.0215294100520197,0.915115344780709,0.0134070023344089,0.947082321300263,0.998047118276851
E0o,item_PID22,27,-0.021449109144204,0.915430832056125,-0.0191814516153531,0.924345023538564,0.998047118276851
endH,item_LPFS02,27,0.0213830017847053,0.915690564916142,0.00193497452223726,0.992357467490643,0.998047118276851
meanSwing,item_PID03,27,0.0211365258212628,0.916659032221365,-0.0276247310054915,0.891207969601358,0.998047118276851
meanH,item_PID06,27,-0.0209182108534537,0.917516944753714,-0.00564131514687323,0.977721001734963,0.998047118276851
magTrust,item_PID21,27,0.0208187901801894,0.917907668199174,-0.0769378326417863,0.702884340173979,0.998047118276851
eta,item_PID27,27,-0.0206517798536797,0.918564060958975,0.111982995540356,0.578141830824114,0.998047118276851
pTrialsSplit,LPFS_total,27,-0.0205971518212649,0.918778774249179,0.103215827824725,0.608427883797266,0.998047118276851
asymKL,MentS_Other,27,0.0205483830430207,0.918970462672975,-0.05381630792784,0.78977816219728,0.998047118276851
wOS12,item_PID25,27,0.020460432230021,0.919316169452906,-0.101653198737948,0.613894785408474,0.998047118276851
meanH,item_MentS03,27,-0.0203624396971528,0.919701363908855,0.033939844027797,0.866536305082316,0.998047118276851
absAsym,item_MentS05,27,0.0203457568369896,0.919766943580311,-0.0573264205450162,0.776398747763508,0.998047118276851
sllSelf,item_PID20,27,-0.020338283596193,0.919796320764018,0.0224988617947853,0.911307553736611,0.998047118276851
wEx,item_LPFS05,27,0.0201455595023165,0.920553951312831,0.0055144615184484,0.97822186106963,0.998047118276851
eta,item_PID09,27,-0.0200481367166918,0.920936962323819,0.0349761543912868,0.862498697985123,0.998047118276851
E0diff,item_PID06,27,-0.0199896062527507,0.921167079117631,0.00962341995643081,0.962003503335939,0.998047118276851
magTrust,item_MentS03,27,0.0197858430576104,0.921968237209139,-0.0236247933918979,0.906887548322896,0.998047118276851
meanSwing,item_LPFS06,27,0.0196310737218464,0.922576810478327,0.0644114265921913,0.749585434963156,0.998047118276851
D,PID_Distractible,27,0.0194665332600435,0.923223851744501,0.0369623908622407,0.854769547451283,0.998047118276851
allocSelf,PID_Distractible,27,0.0194665332600435,0.923223851744501,0.0369623908622407,0.854769547451283,0.998047118276851
eta,item_PID24,27,-0.0193338661527005,0.923745588519943,0.0587431779523115,0.771015884899047,0.998047118276851
asymKL,item_PID26,27,0.01929016187721,0.923917470036889,0.0455505019587532,0.821509097283185,0.998047118276851
meanSwing,PID_Distractible,27,0.0192572745567856,0.924046812499569,-0.0610819171028554,0.762152731189232,0.998047118276851
E0diff,PID_Withdrawal,27,0.0191889319746514,0.924315602899273,0.0407278243716539,0.840153309505488,0.998047118276851
sig,PID_Grandiosity,27,-0.0190174902772101,0.924989916276281,-0.0606695342629968,0.763713454616601,0.998047118276851
meanKL,SAPAS_total,27,-0.0188835754417899,0.925516664453829,0.0821678763335539,0.683681942018381,0.998047118276851
endH,item_PID01,27,-0.0188537429273102,0.925634013533273,0.146955578572521,0.464500396905518,0.998047118276851
meanSwing,item_PID28,27,-0.018316671210824,0.927746894500326,-0.0743850331889115,0.712322977504004,0.998047118276851
wOS22,PID_Irresponsible,27,0.0179912385878774,0.929027404776377,-0.0654173636269262,0.745800586613688,0.998047118276851
meanCarry,item_PID06,27,0.0177600916058296,0.929937025453439,0.00497763101194697,0.980341529307392,0.998047118276851
asymKL,item_LPFS11,27,-0.0177014105405202,0.930167963711276,-0.00719236357165713,0.971597681378294,0.998047118276851
E0o,item_MentS02,27,-0.0176797344884142,0.930253270814214,-0.00190126438098051,0.992490608079566,0.998047118276851
pTrialsSplit,item_PID30,27,0.0176762160282393,0.930267117947521,0.052043382732165,0.796558412107325,0.998047118276851
eta,item_PID21,27,-0.0176523275917531,0.930361132996873,-0.133528469874175,0.506699083950656,0.998047118276851
eta,item_SAPAS03,27,-0.0173810463187985,0.931428848077303,0.0624819233546472,0.756861004303981,0.998047118276851
wOS11,item_MentS12,27,-0.0172821604314959,0.931818074330954,0.042129174462658,0.834726622157825,0.998047118276851
meanCarry,PID_Detachment,27,0.0171328962279654,0.932405624402655,-0.0661867644356664,0.742909583996396,0.998047118276851
eta,PID_IntimacyAvoid,27,-0.0170645248159179,0.932674766989622,0.00391694060707934,0.984530021085959,0.998047118276851
meanSwing,PID_Withdrawal,27,-0.0169100853918968,0.933282740993024,-0.0695505923885166,0.730310478741158,0.998047118276851
meanCarry,item_LPFS09,27,0.0168963959451675,0.933336633324854,-0.035957443630314,0.858678564311698,0.998047118276851
E0o,item_LPFS03,27,-0.016884505190553,0.933383444835372,-0.00032607046079399,0.998712107669283,0.998047118276851
eta,item_PID01,27,0.0168505396228071,0.933517161637939,0.0353722399189875,0.860956379065011,0.998047118276851
meanKL,item_MentS01,27,0.0167736124511376,0.933820017648583,0.0725825850619046,0.719012386200147,0.998047118276851
meanH,item_MentS02,27,-0.0166840932046618,0.934172458948369,0.0183788890161449,0.927502100164617,0.998047118276851
meanKL,item_MentS09,27,-0.0166824869977744,0.934178782767924,0.00158308563938535,0.993747286726509,0.998047118276851
E0s,item_SAPAS04,27,0.0166677390981768,0.934236847111409,0,1,0.998047118276851
wOS11,PID_Rigidity,27,0.0165535730577397,0.934686344320567,0.0237833619124404,0.906265279288914,0.998047118276851
meanKL,PID_EmotLability,27,-0.0165044883345263,0.934879607858321,0.00527447033177505,0.979169446132251,0.998047118276851
sig,PID_NegAffect,27,-0.0163274156906112,0.935576833980202,-0.00736205186009193,0.970927865195956,0.998047118276851
meanKL,item_MentS06,27,-0.0158367242821421,0.937509179350952,-0.102728805484559,0.610129561679515,0.998047118276851
meanBC,PID_SepInsecurity,27,0.0156156606294807,0.938379842710342,0.193456201685954,0.333625628266457,0.998047118276851
pTrialsSplit,item_LPFS06,27,0.0154896510819677,0.93887616469019,0.092881879373634,0.644949722449001,0.998047118276851
meanBC,MentS_Other,27,0.0154394818307853,0.939073775787749,0.0361868277445821,0.857786022292014,0.998047118276851
wOS21,item_PID18,27,-0.0154393681528204,0.939074223556598,0.157802906921303,0.431801614913829,0.998047118276851
wOS21,item_LPFS12,27,-0.0154347138897386,0.939092556360361,0.0773091036173699,0.701515150018885,0.998047118276851
sllOther,item_LPFS01,27,0.0152337886557804,0.939884015007598,0.0194078989369592,0.923454437740781,0.998047118276851
meanBC,item_MentS05,27,0.0150254562442644,0.940704709892461,-0.0210520753413901,0.916990886599259,0.998047118276851
pTrialsSplit,item_MentS02,27,-0.0150058100069108,0.940782106416412,-0.177247254143388,0.376450325132354,0.998047118276851
meanKL,item_PID29,27,-0.01484382274168,0.941420276608648,0.0699518040743403,0.728812230933818,0.998047118276851
E0o,item_PID29,27,-0.0147947127576116,0.941613758858126,-0.0182482967150453,0.92801591957636,0.998047118276851
meanKL,PID_Detachment,27,0.0147842828270849,0.941654850846335,0.0895830160501345,0.656785172993961,0.998047118276851
E0diff,item_PID30,27,0.0147225722736778,0.941897981938965,0.0874270393573687,0.664564373320781,0.998047118276851
meanBC,item_MentS07,27,-0.0147159149011061,0.941924211375286,-0.141447399032075,0.481585618815675,0.998047118276851
magSelf,item_MentS01,27,-0.014638077981547,0.942230886066552,-0.0647932344698953,0.748148207156217,0.998047118276851
meanSwing,PID_Detachment,27,-0.0146316838414716,0.942256079108613,-0.0741907452511423,0.713043048457733,0.998047118276851
magSelf,item_PID29,27,-0.0145932557095477,0.942407487872082,-0.13686222536284,0.496048626051538,0.998047118276851
meanSwing,item_PID07,27,0.0141566571305723,0.944127844053294,-0.0711709566136712,0.724265522925301,0.998047118276851
eta,item_MentS08,27,-0.0139516941065362,0.944935557274215,-0.0873008621722226,0.665020707957524,0.998047118276851
meanSwing,item_PID11,27,-0.0139476769541495,0.944951388502524,0.157323673808114,0.433219230179278,0.998047118276851
meanSwing,item_LPFS09,27,-0.0138673730843921,0.945267862945586,-0.0332690366299167,0.869151612812555,0.998047118276851
asymKL,item_LPFS08,27,0.0138313435964205,0.94540985640099,0.0563415462624646,0.780146666876309,0.998047118276851
absAsym,item_MentS12,27,0.0135314500233191,0.946591810084414,-0.0499671604091991,0.80451689738851,0.998047118276851
E0diff,item_PID21,27,0.0135236659517375,0.946622490487936,0.0639029105826407,0.751500893597131,0.998047118276851
meanBC,item_PID19,27,0.0134420553289017,0.9469441578272,0.0743440650610298,0.712474793787407,0.998047118276851
wEx,item_MentS10,27,0.0134142526849038,0.947053743487731,-0.0559444629477358,0.781659122009805,0.998047118276851
asymKL,item_MentS12,27,0.0134053006275279,0.947089028717699,0.00979748243317628,0.961316747330352,0.998047118276851
meanBC,PID_Anankastia,27,0.0133736005936136,0.947213977648009,0.0359955700485896,0.858530201239523,0.998047118276851
endH,item_LPFS01,27,-0.013331757231757,0.947378909409625,0.00460526415453269,0.981811892344105,0.998047118276851
meanSwing,PID_SepInsecurity,27,-0.0132820277865747,0.947574928079815,0.17852608431446,0.372960644387133,0.998047118276851
meanSwing,item_MentS04,27,-0.013169650284912,0.948017897693348,-0.12921078377754,0.520658553415013,0.998047118276851
sllOther,item_MentS03,27,-0.0131183002158365,0.94822031441315,-0.157054964520786,0.434015200880853,0.998047118276851
sig,item_PID20,27,0.0130495949180723,0.948491148573105,-0.0140210298141416,0.944662314844848,0.998047118276851
D,item_PID04,27,-0.0127486187133316,0.949677652912576,-0.0291295780749458,0.885319040820546,0.998047118276851
allocSelf,item_PID04,27,-0.0127486187133316,0.949677652912576,-0.0291295780749458,0.885319040820546,0.998047118276851
sllSelf,item_MentS02,27,0.0127251939454003,0.949770002141725,-0.0640092341596771,0.751100278767526,0.998047118276851
endH,PID_Orderliness,27,-0.0126234710245198,0.950171039414704,-0.0106441733442227,0.957976557807125,0.998047118276851
asymKL,LPFS_Self,27,0.0125832703814051,0.950329531610013,-0.110941732456167,0.581703800273476,0.998047118276851
E0o,LPFS_total,27,0.0125213083301964,0.950573822394564,-0.0107148777042034,0.957697660181711,0.998047118276851
E0diff,item_MentS06,27,0.0122492576733725,0.95164645711611,-0.0478108906028766,0.812802383251042,0.998047118276851
wOS11,item_LPFS06,27,0.0119528141578928,0.952815360964339,0.0173910851798917,0.931389334821681,0.998047118276851
meanCarry,PID_Perfectionism,27,0.0119184767287251,0.952950762784925,-0.0293491658610698,0.88446021576552,0.998047118276851
wOS12,item_SAPAS05,27,-0.0118649265304274,0.953161928321411,0.0325523367991178,0.871947328166305,0.998047118276851
magTrust,item_PID16,27,0.0117876313949065,0.953466733168678,-0.0473022336118019,0.814759807491433,0.998047118276851
E0diff,item_LPFS12,27,0.0116799066979483,0.953891544284306,0.0871422790774739,0.665594407609146,0.998047118276851
magTrust,PID_Anxiousness,27,0.0115625841920119,0.954354218233926,-0.0632935226484885,0.753798206018788,0.998047118276851
meanBC,LPFS_Self,27,0.01147777011509,0.954688700689058,0.0395344847702915,0.844780120565894,0.998047118276851
wOS11,item_PID24,27,-0.0113554099907042,0.955171267197262,-0.0415421368944524,0.836999023775185,0.998047118276851
asymKL,PID_Withdrawal,27,-0.0111973990774671,0.955794456853975,0.0147246749651364,0.941889697540067,0.998047118276851
E0diff,item_PID11,27,0.011003780429421,0.956558116748162,0.0384425404171778,0.84901821411494,0.998047118276851
sllOther,item_PID16,27,0.0109929621568094,0.956600786686924,0.0325001741142313,0.872150864322315,0.998047118276851
eta,item_PID28,27,0.0109472431991304,0.956781114834004,0.0185164460298578,0.926960908564898,0.998047118276851
E0o,PID_Disinhibition,27,0.0108709602986792,0.95708200019762,-0.0648998903229866,0.747746872275305,0.998047118276851
pTrialsSplit,item_MentS09,27,0.0107182237414374,0.957684461655621,-0.126083391577091,0.530884422601407,0.998047118276851
meanSwing,PID_Antagonism,27,0.0106743303629009,0.957857601030168,0.015965884194786,0.937000512993465,0.998047118276851
allocTrust,item_SAPAS08,27,0.0105789368891684,0.958233891234046,-0.0475838133947494,0.813676091511446,0.998047118276851
asymKL,item_MentS03,27,0.0104122509149614,0.958891423582573,-0.0256212548052977,0.899056884541505,0.998047118276851
asymKL,item_PID01,27,-0.0103216810363349,0.959248708977734,-0.000321565817445341,0.998729899808395,0.998047118276851
eta,item_PID07,27,-0.0102619348542418,0.959484403448071,-0.00673238778777971,0.973413452271137,0.998047118276851
endH,item_MentS02,27,0.0100715308164243,0.9602355560175,-0.0291527205083678,0.885228522970143,0.998047118276851
meanSwing,PID_Irresponsible,27,-0.0100212588743746,0.960433886664865,0.0375289086070261,0.85256738958208,0.998047118276851
wOS11,MentS_Motiv,27,0.00998349418433647,0.960582875765885,0.0195373268320199,0.922945456220896,0.998047118276851
sllSelf,item_PID30,27,-0.00993320622353246,0.9607812736287,-0.0748375456899077,0.710646807233231,0.998047118276851
E0o,PID_Distractible,27,-0.00985512683196641,0.961089319752053,-0.0469860900791195,0.815976945434719,0.998047118276851
E0s,item_LPFS10,27,0.00982571374331832,0.961205364438445,-0.0501568710451133,0.80378890427252,0.998047118276851
eta,item_MentS09,27,-0.00972823766039977,0.96158994639908,-0.0585741686572579,0.771657484873762,0.998047118276851
meanBC,PID_Distractible,27,0.00964867774914983,0.961903848149953,0.0106501804179338,0.957952862353338,0.998047118276851
meanSwing,PID_Anankastia,27,0.00893079603651436,0.964736478622197,0.0252276644784987,0.900599945909861,0.998621008389632
E0diff,item_PID16,27,0.0088158416576627,0.965190107337402,0.00933173316151194,0.963154400107446,0.998621008389632
meanKL,item_PID24,27,0.00851095473286555,0.966393291683786,0.123652766849893,0.538897482309823,0.998621008389632
E0o,LPFS_Self,27,-0.00840629167443079,0.966806343314527,0.0122587549675322,0.951609010019621,0.998621008389632
asymKL,item_PID13,27,0.00831475571861882,0.967167595832276,0.00255741041291647,0.989899152418431,0.998621008389632
pTrialsSplit,PID_Distractible,27,0.00815044499613672,0.967816074451052,-0.00803729314354297,0.968262658023938,0.998621008389632
wOS22,item_SAPAS01,27,-0.00786103738903271,0.968958316318273,-0.125814977989711,0.531766508121524,0.998621008389632
meanH,item_PID01,27,0.00763003257237902,0.969870095456842,0.125089102986238,0.534155431073004,0.998621008389632
endH,item_PID05,27,-0.00759301627623712,0.9700162027442,-0.0318798481136075,0.874571950533662,0.998621008389632
magTrust,item_PID29,27,0.00752449448360571,0.970286668091339,0.0243310622867271,0.904116361228054,0.998621008389632
meanH,PID_NegAffect,27,0.007370799363762,0.970893336403827,-0.0481600892514347,0.811459224296843,0.998621008389632
meanCarry,PID_Impulsivity,27,0.00716343248574056,0.971711883897216,0.00423228750152808,0.983284721413002,0.998621008389632
meanKL,item_LPFS10,27,-0.00702242620070561,0.972268499616829,0.0899208769187167,0.655569235156245,0.998621008389632
wOS22,item_MentS09,27,-0.00702184147272629,0.972270807829795,-0.0164640906496076,0.935038670223453,0.998621008389632
E0s,item_PID03,27,0.00681800185576612,0.973075477608558,0.164275067045989,0.412905246817056,0.998621008389632
meanCarry,item_SAPAS04,27,0.00676753459962238,0.973274704296143,0.0244826591570564,0.90352168238733,0.998621008389632
meanH,item_LPFS03,27,-0.00671801505526908,0.973470191277628,0.0241292140987553,0.904908242463122,0.998621008389632
meanSwing,item_PID26,27,-0.00658163846802232,0.974008569184659,0.101223337686118,0.615402222635457,0.998621008389632
endH,item_PID04,27,-0.00656162962410444,0.974087559633014,0.132523574978325,0.509931423965161,0.998621008389632
pTrialsSplit,item_MentS07,27,0.00655873040753347,0.974099005112568,-0.097569955106792,0.62827495156161,0.998621008389632
meanBC,item_MentS01,27,-0.00644144356073974,0.974562032371146,-0.0180571309178397,0.928768118014805,0.998621008389632
meanBC,PID_Grandiosity,27,0.00640300474930513,0.974713783604402,-0.00356879613311746,0.985904878833748,0.998621008389632
magTrust,PID_SepInsecurity,27,0.00621466329289025,0.975457342543552,-0.135006380486914,0.501963681526362,0.998621008389632
sig,LPFS_Self,27,-0.006148463724665,0.975718698609404,0.0398409536444798,0.84359139479911,0.998621008389632
endH,item_PID27,27,0.00610961194492936,0.975872086676898,0.0570613990014551,0.777406805240483,0.998621008389632
wEx,PID_Disinhibition,27,-0.00596753722365059,0.976433009305674,0.0472842058067474,0.81482920245163,0.998621008389632
E0o,item_LPFS01,27,-0.00591411528111995,0.976643926351339,0.0532894852167354,0.791791370040456,0.998621008389632
sig,item_PID01,27,-0.00579458621982683,0.97711584876254,0.0125410668803683,0.950495922114786,0.998621008389632
wOS22,item_MentS01,27,-0.00578421473434761,0.977156797624854,0.0385926915695005,0.848435196428438,0.998621008389632
meanBC,item_PID20,27,-0.0057645647565807,0.977234380131394,-0.068474796766738,0.734332587067273,0.998621008389632
wOS11,item_PID01,27,-0.0057305049704519,0.977368856262219,-0.0157567250548217,0.937824249769061,0.998621008389632
meanBC,item_LPFS07,27,0.00551121814384555,0.978234667072653,0.0400791189497662,0.842667834369692,0.998621008389632
asymKL,item_PID19,27,0.0053413875444048,0.978905226305613,0.0166295935004935,0.934387032669904,0.998621008389632
wEx,item_PID28,27,-0.00525104416376185,0.979261943889112,-0.00191549441688184,0.992434405521419,0.998621008389632
meanBC,MentS_total,27,-0.00524439518108576,0.97928819731219,0.0504820053209096,0.802541609972756,0.998621008389632
endH,item_PID30,27,0.00507552601127736,0.979954982056902,0.0153871589268969,0.939279873634879,0.998621008389632
sig,item_PID28,27,-0.00481543977475888,0.980981965556684,-0.0210704385857003,0.916918725721911,0.998621008389632
magSelf,item_PID30,27,-0.00465940149329159,0.981598116807246,-0.222414388125146,0.264828432767817,0.998621008389632
meanBC,LPFS_total,27,-0.00459190507028278,0.981864644394903,0.0802085131000366,0.690854139777363,0.998621008389632
absAsym,MentS_Other,27,0.00447164572142114,0.98233952512642,-0.00618578252044138,0.975571363604977,0.998621008389632
wOS11,PID_Detachment,27,-0.00446102053153932,0.982381482215232,0.000923536247939531,0.996352285809124,0.998621008389632
magSelf,item_LPFS04,27,0.00423994337254559,0.983254488968773,-0.0868575202318404,0.666625029252567,0.998621008389632
meanBC,item_PID06,27,0.00416895619267953,0.983534812728525,0.107848671925518,0.592340913921318,0.998621008389632
endH,item_MentS03,27,-0.00415528844880013,0.983588785980883,-0.0402619718368964,0.841958902875014,0.998621008389632
meanSwing,item_MentS10,27,-0.00413719350132254,0.983660242152294,-0.189823119944051,0.342957455631707,0.998621008389632
meanKL,PID_Grandiosity,27,0.00381116468345999,0.984947736524895,0.0431499896095111,0.830778175856678,0.998621008389632
wOS11,item_MentS10,27,-0.00363504518802293,0.985643251469788,0.103804465931926,0.606373809279074,0.998621008389632
meanBC,PID_Antagonism,27,0.00359044804675279,0.985819372050997,0.0411428554250255,0.838545358999938,0.998621008389632
pTrialsSplit,item_PID16,27,-0.00353749863549721,0.986028477799852,0.0178340436682516,0.929645996354719,0.998621008389632
sllSelf,item_MentS08,27,0.00349930951529655,0.986179293343107,0.00319783377920229,0.98736988984239,0.998621008389632
meanCarry,item_MentS06,27,0.00349889297788128,0.986180938325053,0.121142459297829,0.547232480209981,0.998621008389632
eta,item_MentS06,27,-0.00348440563291366,0.986238151518337,-0.0552409614398101,0.784340597400904,0.998621008389632
sig,item_MentS02,27,-0.00327161844934351,0.987078494801818,-0.0583054410167356,0.772677941410928,0.998621008389632
endH,item_MentS06,27,0.00321330925996769,0.987308772972223,0.0665475909742742,0.741554956696251,0.998621008389632
meanBC,item_MentS03,27,0.00318837457135362,0.987407246853639,-0.0549026888684951,0.785630819556393,0.998621008389632
E0diff,PID_Anxiousness,27,-0.00306555086730772,0.98789231373797,0.0424035422669676,0.833664996959278,0.998621008389632
eta,item_PID30,27,-0.00281453955351372,0.988883644028634,0.0650457172818824,0.747198244449033,0.998621008389632
E0diff,item_LPFS11,27,0.00279457971714631,0.988962473019973,0.084019883541631,0.676927244345082,0.998621008389632
meanBC,item_MentS02,27,-0.00263956389744101,0.989574692884568,-0.154002414859421,0.443112948426728,0.998621008389632
pTrialsSplit,item_PID09,27,0.00244956467339696,0.990325084117445,0.0102564192473581,0.959506162295718,0.998621008389632
meanKL,item_SAPAS01,27,0.00231043380075898,0.990874578791865,0.0686263516307516,0.73376554758041,0.998621008389632
meanSwing,item_SAPAS01,27,0.00222505506152624,0.991211782488286,0.0457509010871677,0.820736336641471,0.998621008389632
meanBC,PID_Disinhibition,27,-0.00207147444284617,0.991818353470791,0.0550103832261505,0.785219997031384,0.998621008389632
meanKL,item_SAPAS03,27,0.00203528239800174,0.991961295630616,0.0416546155697648,0.836563523365673,0.998621008389632
asymKL,item_LPFS06,27,0.00192438132127661,0.992399306066158,0.0109499425206725,0.95677046790947,0.998621008389632
sig,item_SAPAS04,27,0.00188450488564842,0.992556800965815,0.0489653183141129,0.80836397874697,0.998621008389632
meanSwing,item_MentS03,27,-0.00180837866529566,0.992857467792955,-0.11379830056379,0.571955147948177,0.998621008389632
sllSelf,item_LPFS04,27,-0.00180463865867514,0.99287223928435,-0.0927796238840113,0.645315341669697,0.998621008389632
meanSwing,item_PID02,27,-0.00168626124570819,0.993339782651028,-0.0243310622867271,0.904116361228054,0.998621008389632
D,PID_Anankastia,27,0.00165581404663227,0.993460037245353,-0.15382722242987,0.443638171453858,0.998621008389632
allocSelf,PID_Anankastia,27,0.00165581404663227,0.993460037245353,-0.15382722242987,0.443638171453858,0.998621008389632
sig,item_PID11,27,0.00157907875147529,0.993763112428693,-0.00323046558127545,0.987241018088719,0.998621008389632
wOS11,item_PID20,27,0.00141994216613902,0.994391643962326,-0.00163035230396995,0.993560601333042,0.998621008389632
meanH,item_MentS08,27,0.00124164115609629,0.995095871854179,-0.0259024536115386,0.897954670405647,0.998621008389632
asymKL,PID_Antagonism,27,-0.0010386895909917,0.995897465326636,-0.0402217467214801,0.842114847738129,0.998621008389632
wOS22,item_LPFS07,27,0.00102209993677218,0.995962989312597,-0.0330063332527487,0.870176194347248,0.998621008389632
wOS11,item_SAPAS02,27,0.000960830411861298,0.996204985140483,0,1,0.998621008389632
E0diff,item_PID19,27,0.000937079928145542,0.996298792354716,-0.0430413008248067,0.831198388033304,0.998621008389632
magTrust,item_PID06,27,0.000826037413934124,0.996737377256362,-0.0716778865720363,0.722377651883902,0.998621008389632
wOS11,item_LPFS11,27,-0.000774517138247786,0.996940867342195,0,1,0.998621008389632
wEx,item_PID22,27,0.000636983773939694,0.997484084961856,0.017881014217702,0.929461154211329,0.998621008389632
E0o,item_MentS03,27,0.00060884857706249,0.997595211119351,-0.0622230473842944,0.75783870248955,0.998621008389632
meanKL,PID_Deceitful,27,-0.000608220035835493,0.997597693681716,0.0785087873619346,0.697097134850516,0.998621008389632
meanBC,item_LPFS01,27,0.000565553755079569,0.997766213640025,-0.0154605296616455,0.938990870294751,0.998621008389632
meanH,item_LPFS06,27,0.000521323948449394,0.997940909189659,-0.0215778279083841,0.914925126124243,0.998621008389632
E0s,item_PID20,27,0.000511785627190147,0.997978582942716,0.0864086721104074,0.668250734877228,0.998621008389632
pTrialsSplit,item_PID14,27,0.00045318150565255,0.998210053242146,0.0450202137198295,0.82355472847359,0.998621008389632
E0s,MentS_Other,27,0.000251943857816179,0.999004888038474,0.0433004776430896,0.830196434565122,0.999004888038474
